player;nacionalidad;position;equipo;edad;nacimiento;partidos_jugados;titular;minutes_played;noventas_jugados;goles;asistencias;goles_mas_asist;goles_sin_penal;penales_convertidos;penales_intentados;amarillas;rojas;goles_asist_sin_penal_p90;tiros;tiros_al_arco;pct_tiros_al_arco;tiros_p90;tiros_arco_p90;goles_por_tiro;goles_por_tiro_al_arco;goles_recibidos;goles_recibidos_p90;tiros_al_arco_recibidos;atajadas;pct_atajadas;partidos_ganados_gk;empatados_gk;perdidos_gk;vallas_invictas;pct_vallas_invictas;penales_recibidos_gk;penales_atajados;penales_errados_rival;doble_amarilla;faltas_cometidas;faltas_recibidas;offsides;centros;intercepciones;entradas_ganadas;penales_ganados;penales_concedidos;goles_en_contra;goles_p90;asistencias_p90;tiros_p90_calc;intercepciones_p90;entradas_p90;centros_p90;faltas_p90
Aaron Nicolás Molinas;ar ARG;MF;Defensa;26-015;2000,0;15;15;1348;15,0;3;4;7;0;3;3;3;0;0,27;19;8;42,1;1,27;0,53;0,14;0,27;;;;;;;;;;;;;;0;5;17;0;67;12;14;;;0;0,2;0,267;1,267;0,8;0,933;4,467;0,333
Aaron Quirós;ar ARG;DF;Vélez Sarsfield;24-290;2001,0;7;4;382;4,2;0;0;0;0;0;0;1;0;0,0;2;1;50,0;0,47;0,24;0,0;0,0;;;;;;;;;;;;;;0;4;1;0;2;4;2;;;0;0,0;0,0;0,476;0,952;0,476;0,476;0,952
Abiel Osorio;ar ARG;FW;Defensa;24-065;2002,0;4;3;185;2,1;0;0;0;0;0;0;0;0;0,0;3;3;100,0;1,46;1,46;0,0;0,0;;;;;;;;;;;;;;0;2;8;1;0;0;1;;;0;0,0;0,0;1,429;0,0;0,476;0,0;0,952
Adam Bareiro;py PAR;FW;Boca Juniors;30-022;1996,0;9;7;675;7,5;3;1;4;3;0;0;4;0;0,53;18;10;55,6;2,4;1,33;0,17;0,3;;;;;;;;;;;;;;0;17;15;2;2;3;8;;;0;0,4;0,133;2,4;0,4;1,067;0,267;2,267
Adolfo Gaich;ar ARG;FW;Estudiantes–LP;27-172;1999,0;11;5;481;5,3;3;2;5;3;0;0;1;0;0,94;17;5;29,4;3,18;0,94;0,18;0,6;;;;;;;;;;;;;;0;13;8;1;0;0;3;;;0;0,566;0,377;3,208;0,0;0,566;0,0;2,453
Adrián Fernández;ar ARG;MFFW;Racing Club;25-089;2001,0;12;8;620;6,9;1;1;2;1;0;0;1;1;0,29;12;4;33,3;1,74;0,58;0,08;0,25;;;;;;;;;;;;;;0;14;6;0;10;4;13;;;0;0,145;0,145;1,739;0,58;1,884;1,449;2,029
Adrián Martínez;ar ARG;FW;Racing Club;34-041;1992,0;16;15;1262;14,0;4;0;4;3;1;2;3;1;0,21;30;9;30,0;2,14;0,64;0,13;0,36;;;;;;;;;;;;;;0;24;6;9;3;2;2;;;0;0,286;0,0;2,143;0,143;0,143;0,214;1,714
Adrián Sporle;ar ARG;DF;Belgrano;31-035;1995,0;17;13;1177;13,1;0;0;0;0;0;0;3;0;0,0;5;2;40,0;0,38;0,15;0,0;0,0;;;;;;;;;;;;;;0;15;4;0;38;17;21;;;0;0,0;0,0;0,382;1,298;1,603;2,901;1,145
Adrián Sánchez;ar ARG;MF;Belgrano;27-095;1999,0;19;19;1633;18,1;0;1;1;0;0;0;4;1;0,06;3;0;0,0;0,17;0,0;0,0;;;;;;;;;;;;;;;1;25;23;0;13;32;26;;;0;0,0;0,055;0,166;1,768;1,436;0,718;1,381
Agustin Bravo;ar ARG;DF;Instituto;25-098;2001,0;2;1;107;1,2;0;0;0;0;0;0;0;0;0,0;0;0;;0,0;0,0;;;;;;;;;;;;;;;;0;0;1;0;0;2;1;;;0;0,0;0,0;0,0;1,667;0,833;0,0;0,0
Agustin Hausch;ar ARG;MFFW;Defensa;23-088;2003,0;18;12;876;9,7;1;0;1;1;0;0;1;0;0,1;17;11;64,7;1,75;1,13;0,06;0,09;;;;;;;;;;;;;;0;5;13;1;47;7;5;;;0;0,103;0,0;1,753;0,722;0,515;4,845;0,515
Agustin Quiroga;ar ARG;DF;C. Córdoba–SdE;24-133;2002,0;13;9;802;8,9;0;0;0;0;0;0;3;0;0,0;12;1;8,3;1,35;0,11;0,0;0,0;;;;;;;;;;;;;;0;15;8;2;19;13;12;;;0;0,0;0,0;1,348;1,461;1,348;2,135;1,685
Agustin Quiroga;ar ARG;DF;Estudiantes–RC;24-133;2002,0;4;4;360;4,0;0;0;0;0;0;0;1;0;0,0;9;3;33,3;2,25;0,75;0,0;0,0;;;;;;;;;;;;;;0;3;1;0;3;4;3;;;0;0,0;0,0;2,25;1,0;0,75;0,75;0,75
Agustín Auzmendi;ar ARG;FW;Gimnasia–LP;29-197;1997,0;21;9;982;10,9;3;2;5;3;0;0;1;0;0,46;26;11;42,3;2,38;1,01;0,12;0,27;;;;;;;;;;;;;;0;13;23;2;7;4;8;;;0;0,275;0,183;2,385;0,367;0,734;0,642;1,193
Agustín Cardozo;ar ARG;MF;Lanús;29-079;1997,0;17;17;1514;16,8;0;1;1;0;0;0;0;0;0,06;6;2;33,3;0,36;0,12;0,0;0,0;;;;;;;;;;;;;;0;19;16;0;4;19;16;;;0;0,0;0,06;0,357;1,131;0,952;0,238;1,131
Agustín Colazo;ar ARG;FW;Gimnasia–LP;25-275;2000,0;2;1;147;1,6;2;0;2;2;0;0;0;0;1,22;4;3;75,0;2,45;1,84;0,5;0,67;;;;;;;;;;;;;;0;2;0;3;2;0;0;;;0;1,25;0,0;2,5;0,0;0,0;1,25;1,25
Agustín Colazo;ar ARG;FW;Unión;25-275;2000,0;6;2;183;2,0;1;0;1;1;0;0;1;0;0,49;7;3;42,9;3,44;1,48;0,14;0,33;;;;;;;;;;;;;;0;3;1;0;2;0;4;;;0;0,5;0,0;3,5;0,0;2,0;1,0;1,5
Agustín Falcón;ar ARG;DFMF;Belgrano;21-208;2005,0;3;1;148;1,6;0;0;0;0;0;0;1;0;0,0;0;0;;0,0;0,0;;;;;;;;;;;;;;;;0;5;0;0;1;2;3;;;0;0,0;0,0;0,0;1,25;1,875;0,625;3,125
Agustín García Basso;ar ARG;DF;Racing Club;34-144;1992,0;7;6;512;5,7;0;0;0;0;0;0;2;1;0,0;3;0;0,0;0,53;0,0;0,0;;;;;;;;;;;;;;;0;8;1;1;15;11;3;;;0;0,0;0,0;0,526;1,93;0,526;2,632;1,404
Agustín Ladstatter;ar ARG;MF;CA San Lorenzo;21-073;2005,0;13;5;484;5,4;0;0;0;0;0;0;0;1;0,0;11;3;27,3;2,05;0,56;0,0;0,0;;;;;;;;;;;;;;0;8;7;2;22;0;4;;;0;0,0;0,0;2,037;0,0;0,741;4,074;1,481
Agustín Lagos;ar ARG;DF;Platense;24-312;2001,0;9;4;415;4,6;0;0;0;0;0;0;0;0;0,0;2;1;50,0;0,43;0,22;0,0;0,0;;;;;;;;;;;;;;0;8;9;0;6;7;9;;;0;0,0;0,0;0,435;1,522;1,957;1,304;1,739
Agustín Lastra;ar ARG;GK;Estudiantes–RC;25-227;2001,0;11;11;990;11,0;0;0;0;0;0;0;0;0;0,0;0;0;;0,0;0,0;;;15,0;1,36;41,0;26,0;63,4;1,0;1,0;9,0;2,0;18,2;3,0;0,0;0,0;0;0;8;0;0;1;0;;;0;0,0;0,0;0,0;0,091;0,0;0,0;0,0
Agustín Marchesín;ar ARG;GK;Boca Juniors;38-154;1988,0;12;12;1071;11,9;0;0;0;0;0;0;0;0;0,0;0;0;;0,0;0,0;;;8,0;0,67;34,0;26,0;76,5;4,0;6,0;2,0;6,0;50,0;0,0;0,0;0,0;0;0;3;0;0;0;0;;;0;0,0;0,0;0,0;0,0;0,0;0,0;0,0
Agustín Massaccesi;ar ARG;DF;Instituto;23-334;2002,0;7;4;397;4,4;0;0;0;0;0;0;1;0;0,0;2;1;50,0;0,45;0,23;0,0;0,0;;;;;;;;;;;;;;0;8;4;0;0;9;10;;;0;0,0;0,0;0,455;2,045;2,273;0,0;1,818
Agustín Medina;;MF;Lanús;;;15;11;848;9,4;0;0;0;0;0;0;5;0;0,0;8;1;12,5;0,85;0,11;0,0;0,0;;;;;;;;;;;;;;0;24;4;0;5;12;17;;;0;0,0;0,0;0,851;1,277;1,809;0,532;2,553
Agustín Morales;ar ARG;FW;Estudiantes–RC;27-184;1999,0;1;0;14;0,2;0;0;0;0;0;0;0;0;0,0;0;0;;0,0;0,0;;;;;;;;;;;;;;;;0;0;0;0;1;0;0;;;0;0,0;0,0;0,0;0,0;0,0;5,0;0,0
Agustín Módica;ar ARG;FW;Gimnasia–M;23-217;2003,0;17;15;1193;13,3;7;0;7;6;1;1;5;0;0,45;36;17;47,2;2,72;1,28;0,19;0,39;;;;;;;;;;;;;;0;19;21;3;4;4;6;;;0;0,526;0,0;2,707;0,301;0,451;0,301;1,429
Agustín Nadruz;uy URU;MF;Sarmiento–J;30-049;1996,0;1;0;1;0,0;0;0;0;0;0;0;0;0;0,0;0;0;;0,0;0,0;;;;;;;;;;;;;;;;0;0;0;0;0;0;0;;;0;;;;;;;
Agustín Palavecino;ar ARG;MFFW;Aldosivi;23-161;2003,0;17;11;978;10,9;0;0;0;0;0;0;5;0;0,0;13;4;30,8;1,2;0,37;0,0;0,0;;;;;;;;;;;;;;0;16;26;3;28;10;10;;;0;0,0;0,0;1,193;0,917;0,917;2,569;1,468
Agustín Ruberto;ar ARG;FW;River Plate;20-215;2006,0;4;2;169;1,9;0;0;0;0;0;0;1;0;0,0;3;2;66,7;1,6;1,07;0,0;0,0;;;;;;;;;;;;;;0;2;1;0;1;0;0;;;0;0,0;0,0;1,579;0,0;0,0;0,526;1,053
Agustín Seyral;ar ARG;DF;Sarmiento–J;21-198;2005,0;11;8;720;8,0;0;0;0;0;0;0;2;0;0,0;2;0;0,0;0,25;0,0;0,0;;;;;;;;;;;;;;;0;11;5;0;1;21;7;;;0;0,0;0,0;0,25;2,625;0,875;0,125;1,375
Agustín Sández;py PAR;DFMF;Rosario Central;25-213;2001,0;15;14;1106;12,3;0;1;1;0;0;0;5;0;0,08;8;1;12,5;0,65;0,08;0,0;0,0;;;;;;;;;;;;;;0;15;8;1;28;18;13;;;0;0,0;0,081;0,65;1,463;1,057;2,276;1,22
Alan Aguerre;ar ARG;GK;C. Córdoba–SdE;35-359;1990,0;19;19;1577;17,5;0;1;1;0;0;0;2;0;0,06;0;0;;0,0;0,0;;;21,0;1,2;91,0;70,0;76,9;5,0;4,0;10,0;6,0;31,6;1,0;1,0;0,0;0;0;4;0;0;0;0;;;0;0,0;0,057;0,0;0,0;0,0;0,0;0,0
Alan Alcaraz;ar ARG;MF;Arg Juniors;17-228;2009,0;1;0;11;0,1;0;0;0;0;0;0;0;0;0,0;1;1;100,0;8,18;8,18;0,0;0,0;;;;;;;;;;;;;;0;0;0;0;0;0;0;;;0;0,0;0,0;10,0;0,0;0,0;0,0;0,0
Alan Barrionuevo;ar ARG;DF;Tigre;29-227;1997,0;20;20;1800;20,0;2;2;4;2;0;0;1;0;0,2;28;7;25,0;1,4;0,35;0,07;0,29;;;;;;;;;;;;;;0;10;3;0;1;24;21;;;0;0,1;0,1;1,4;1,2;1,05;0,05;0,5
Alan Coria;ar ARG;MF;Defensa;19-060;2007,0;4;1;119;1,3;0;0;0;0;0;0;0;0;0,0;5;2;40,0;3,78;1,51;0,0;0,0;;;;;;;;;;;;;;0;2;1;0;1;0;1;;;0;0,0;0,0;3,846;0,0;0,769;0,769;1,538
Alan Forneris;ar ARG;MF;Racing Club;21-201;2005,0;3;0;74;0,8;0;0;0;0;0;0;1;0;0,0;0;0;;0,0;0,0;;;;;;;;;;;;;;;;0;2;2;0;1;0;4;;;0;0,0;0,0;0,0;0,0;5,0;1,25;2,5
Alan Laprida;ar ARG;MF;C. Córdoba–SdE;21-321;2004,0;9;3;391;4,3;0;0;0;0;0;0;1;0;0,0;2;0;0,0;0,46;0,0;0,0;;;;;;;;;;;;;;;0;9;16;0;6;1;4;;;0;0,0;0,0;0,465;0,233;0,93;1,395;2,093
Alan Lescano;ar ARG;MF;Arg Juniors;24-279;2001,0;20;20;1641;18,2;3;0;3;2;1;1;5;0;0,11;28;12;42,9;1,54;0,66;0,1;0,23;;;;;;;;;;;;;;0;20;27;2;15;14;23;;;0;0,165;0,0;1,538;0,769;1,264;0,824;1,099
Alan Rodríguez;uy URU;FW;Rosario Central;26-204;2000,0;1;1;90;1,0;1;0;1;1;0;0;0;0;1,0;2;1;50,0;2,0;1,0;0,5;1,0;;;;;;;;;;;;;;0;0;1;0;0;1;2;;;0;1,0;0,0;2,0;1,0;2,0;0,0;0,0
Alan Sosa;ar ARG;MFFW;Aldosivi;23-104;2003,0;15;9;877;9,7;1;0;1;1;0;0;2;1;0,1;23;5;21,7;2,36;0,51;0,04;0,2;;;;;;;;;;;;;;0;8;12;0;23;21;19;;;0;0,103;0,0;2,371;2,165;1,959;2,371;0,825
Alan Soñora;us USA;MF;Newell's;28-014;1998,0;1;0;45;0,5;0;0;0;0;0;0;0;0;0,0;0;0;;0,0;0,0;;;;;;;;;;;;;;;;0;0;0;0;2;0;0;;;0;0,0;0,0;0,0;0,0;0,0;4,0;0,0
Alan Velasco;ar ARG;MFFW;Boca Juniors;24-021;2002,0;11;5;455;5,1;3;1;4;3;0;0;1;0;0,79;14;5;35,7;2,77;0,99;0,21;0,6;;;;;;;;;;;;;;0;5;10;0;24;2;10;;;0;0,588;0,196;2,745;0,392;1,961;4,706;0,98
Alberto Campo;ec ECU;FW;Racing Club;19-337;2006,0;1;0;30;0,3;0;0;0;0;0;0;0;0;0,0;0;0;;0,0;0,0;;;;;;;;;;;;;;;;0;1;0;0;1;0;0;;;0;0,0;0,0;0,0;0,0;0,0;3,333;3,333
Alcides Benítez;py PAR;MFDF;Belgrano;24-050;2002,0;16;13;1037;11,5;0;0;0;0;0;0;5;0;0,0;7;1;14,3;0,61;0,09;0,0;0,0;;;;;;;;;;;;;;0;16;22;0;30;17;35;;;0;0,0;0,0;0,609;1,478;3,043;2,609;1,391
Alejandro Cabrera;ar ARG;MF;Estudiantes–RC;33-321;1992,0;11;9;710;7,9;0;0;0;0;0;0;4;0;0,0;6;0;0,0;0,76;0,0;0,0;;;;;;;;;;;;;;;0;15;20;0;3;15;12;;;0;0,0;0,0;0,759;1,899;1,519;0,38;1,899
Alejandro Maciel;ar ARG;DF;C. Córdoba–SdE;29-117;1997,0;19;19;1710;19,0;1;1;2;1;0;0;7;0;0,11;6;2;33,3;0,32;0,11;0,17;0,5;;;;;;;;;;;;;;0;18;8;1;2;30;26;;;0;0,053;0,053;0,316;1,579;1,368;0,105;0,947
Alejandro Martínez;ar ARG;MFFW;Huracán;29-123;1997,0;11;5;395;4,4;0;0;0;0;0;0;0;0;0,0;4;0;0,0;0,91;0,0;0,0;;;;;;;;;;;;;;;0;3;4;0;18;2;4;;;0;0,0;0,0;0,909;0,455;0,909;4,091;0,682
Alejandro Tello;ar ARG;MFFW;Racing Club;18-190;2008,0;5;5;324;3,6;0;1;1;0;0;0;1;0;0,28;5;2;40,0;1,39;0,56;0,0;0,0;;;;;;;;;;;;;;0;2;0;0;1;2;3;;;0;0,0;0,278;1,389;0,556;0,833;0,278;0,556
Alejandro Villareal;co COL;FWMF;Aldosivi;21-020;2005,0;9;3;239;2,7;0;0;0;0;0;0;1;0;0,0;6;0;0,0;2,26;0,0;0,0;;;;;;;;;;;;;;;0;5;4;1;8;4;1;;;0;0,0;0,0;2,222;1,481;0,37;2,963;1,852
Alejo Córdoba;ar ARG;DF;CA San Lorenzo;22-102;2004,0;4;4;360;4,0;0;0;0;0;0;0;0;0;0,0;0;0;;0,0;0,0;;;;;;;;;;;;;;;;0;1;2;1;1;10;8;;;0;0,0;0,0;0,0;2,5;2,0;0,25;0,25
Alejo Dramisino;ar ARG;MF;Dep. Riestra;26-120;2000,0;4;0;74;0,8;0;0;0;0;0;0;0;0;0,0;1;0;0,0;1,22;0,0;0,0;;;;;;;;;;;;;;;0;0;2;0;2;0;0;;;0;0,0;0,0;1,25;0,0;0,0;2,5;0,0
Alejo Gelsomino;ar ARG;DF;Gimnasia–LP;21-094;2005,0;1;0;45;0,5;0;0;0;0;0;0;0;0;0,0;0;0;;0,0;0,0;;;;;;;;;;;;;;;;0;1;0;0;0;1;1;;;0;0,0;0,0;0,0;2,0;2,0;0,0;2,0
Alejo Osella;ar ARG;DFMF;Ind. Rivadavia;25-321;2000,0;17;15;1206;13,4;4;0;4;4;0;0;1;0;0,3;23;9;39,1;1,72;0,67;0,17;0,44;;;;;;;;;;;;;;0;5;7;1;11;17;17;;;0;0,299;0,0;1,716;1,269;1,269;0,821;0,373
Alejo Véliz;ar ARG;FW;Rosario Central;22-332;2003,0;14;12;1008;11,2;4;0;4;4;0;1;0;0;0,36;35;14;40,0;3,12;1,25;0,11;0,27;;;;;;;;;;;;;;0;11;19;3;3;0;0;;;0;0,357;0,0;3,125;0,0;0,0;0,268;0,982
Alessandro Riep;ar ARG;DF;Ind. Rivadavia;23-045;2003,0;4;2;236;2,6;0;0;0;0;0;0;1;0;0,0;2;1;50,0;0,76;0,38;0,0;0,0;;;;;;;;;;;;;;0;2;1;0;6;3;7;;;0;0,0;0,0;0,769;1,154;2,692;2,308;0,769
Alex Luna;ar ARG;MFFW;Instituto;22-139;2004,0;20;20;1616;18,0;6;0;6;4;2;3;5;0;0,22;66;26;39,4;3,68;1,45;0,09;0,21;;;;;;;;;;;;;;0;29;59;5;62;9;15;;;0;0,333;0,0;3,667;0,5;0,833;3,444;1,611
Alex Vigo;ar ARG;DF;Ind. Rivadavia;27-111;1999,0;1;1;90;1,0;0;0;0;0;0;0;0;0;0,0;0;0;;0,0;0,0;;;;;;;;;;;;;;;;0;2;2;0;4;0;0;;;0;0,0;0,0;0,0;0,0;0,0;4,0;2,0
Alex Vigo;ar ARG;DF;Talleres–C;27-111;1999,0;9;4;374;4,2;0;0;0;0;0;0;3;0;0,0;3;1;33,3;0,72;0,24;0,0;0,0;;;;;;;;;;;;;;0;6;1;1;11;8;9;;;0;0,0;0,0;0,714;1,905;2,143;2,619;1,429
Alexander Díaz;ar ARG;FWMF;Dep. Riestra;26-148;2000,0;15;13;974;10,8;1;0;1;1;0;0;0;0;0,09;13;5;38,5;1,2;0,46;0,08;0,2;;;;;;;;;;;;;;0;21;37;7;30;3;9;;;0;0,093;0,0;1,204;0,278;0,833;2,778;1,944
Alexander Machado;uy URU;FW;Banfield;24-081;2002,0;1;1;79;0,9;1;0;1;1;0;0;0;0;1,14;2;1;50,0;2,28;1,14;0,5;1,0;;;;;;;;;;;;;;0;1;0;0;1;0;0;;;0;1,111;0,0;2,222;0,0;0,0;1,111;1,111
Alexandro Maidana;py PAR;DFMF;Talleres–C;21-022;2005,0;10;9;814;9,0;2;0;2;2;0;0;2;0;0,22;8;3;37,5;0,88;0,33;0,25;0,67;;;;;;;;;;;;;;0;9;7;4;24;14;13;;;0;0,222;0,0;0,889;1,556;1,444;2,667;1,0
Alexis Canelo;ar ARG;FWMF;Atlé Tucumán;34-195;1992,0;1;0;11;0,1;0;0;0;0;0;0;0;0;0,0;0;0;;0,0;0,0;;;;;;;;;;;;;;;;0;0;0;0;0;0;0;;;0;0,0;0,0;0,0;0,0;0,0;0,0;0,0
Alexis Castro;ar ARG;MF;Estudiantes–LP;31-303;1994,0;19;11;934;10,4;4;0;4;4;0;0;2;0;0,39;18;6;33,3;1,73;0,58;0,22;0,67;;;;;;;;;;;;;;0;18;14;0;9;9;17;;;0;0,385;0,0;1,731;0,865;1,635;0,865;1,731
Alexis Cuello;ar ARG;FWMF;CA San Lorenzo;26-180;2000,0;21;21;1817;20,2;4;3;7;3;1;2;7;1;0,3;42;12;28,6;2,08;0,59;0,09;0,29;;;;;;;;;;;;;;1;30;46;8;23;6;17;;;0;0,198;0,149;2,079;0,297;0,842;1,139;1,485
Alexis González;ar ARG;FW;Sarmiento–J;21-216;2005,0;2;0;21;0,2;0;0;0;0;0;0;0;0;0,0;0;0;;0,0;0,0;;;;;;;;;;;;;;;;0;2;0;0;0;0;0;;;0;0,0;0,0;0,0;0,0;0,0;0,0;10,0
Alexis Maldonado;ar ARG;DF;Belgrano;28-349;1997,0;18;17;1453;16,1;0;0;0;0;0;0;3;0;0,0;4;1;25,0;0,25;0,06;0,0;0,0;;;;;;;;;;;;;;0;14;7;0;0;21;20;;;0;0,0;0,0;0,248;1,304;1,242;0,0;0,87
Alexis Segovia;ar ARG;MF;Atlé Tucumán;22-063;2004,0;7;0;102;1,1;0;0;0;0;0;0;0;0;0,0;0;0;;0,0;0,0;;;;;;;;;;;;;;;;0;1;3;0;6;0;1;;;0;0,0;0,0;0,0;0,0;0,909;5,455;0,909
Alexis Soto;ar ARG;DFMF;Rosario Central;32-301;1993,0;16;10;967;10,7;1;0;1;1;0;0;1;0;0,09;6;1;16,7;0,56;0,09;0,17;1,0;;;;;;;;;;;;;;0;6;6;0;18;12;14;;;0;0,093;0,0;0,561;1,121;1,308;1,682;0,561
Alexis Steimbach;ar ARG;DF;Gimnasia–LP;24-023;2002,0;20;19;1652;18,4;1;5;6;1;0;0;8;1;0,33;14;1;7,1;0,76;0,05;0,07;1,0;;;;;;;;;;;;;;0;18;21;1;66;31;34;;;0;0,054;0,272;0,761;1,685;1,848;3,587;0,978
Alfio Oviedo;py PAR;FW;Tigre;30-242;1995,0;12;3;374;4,2;1;0;1;1;0;1;3;0;0,24;10;4;40,0;2,41;0,96;0,09;0,2;;;;;;;;;;;;;;0;14;8;1;3;0;3;;;0;0,238;0,0;2,381;0,0;0,714;0,714;3,333
Alfonso Espino;uy URU;DF;Racing Club;34-224;1992,0;1;1;58;0,6;0;0;0;0;0;0;0;0;0,0;1;0;0,0;1,55;0,0;0,0;;;;;;;;;;;;;;;0;0;1;0;2;0;0;;;0;0,0;0,0;1,667;0,0;0,0;3,333;0,0
Allan Wlk;py PAR;FW;Lanús;23-169;2003,0;4;2;168;1,9;0;0;0;0;0;0;0;0;0,0;4;2;50,0;2,14;1,07;0,0;0,0;;;;;;;;;;;;;;0;0;1;2;2;1;2;;;0;0,0;0,0;2,105;0,526;1,053;1,053;0,0
Ander Herrera;es ESP;MF;Boca Juniors;37-003;1989,0;9;5;466;5,2;0;0;0;0;0;0;1;0;0,0;7;1;14,3;1,35;0,19;0,0;0,0;;;;;;;;;;;;;;0;4;7;0;5;5;6;;;0;0,0;0,0;1,346;0,962;1,154;0,962;0,769
Andrés Chávez;ar ARG;FWMF;Aldosivi;35-149;1991,0;4;0;67;0,7;0;0;0;0;0;0;1;0;0,0;3;1;33,3;4,03;1,34;0,0;0,0;;;;;;;;;;;;;;0;0;2;3;2;0;1;;;0;0,0;0,0;4,286;0,0;1,429;2,857;0,0
Andrés Vombergar;si SVN;FWMF;Aldosivi;31-270;1994,0;4;3;254;2,8;0;0;0;0;0;0;0;0;0,0;10;2;20,0;3,54;0,71;0,0;0,0;;;;;;;;;;;;;;0;4;2;2;2;0;2;;;0;0,0;0,0;3,571;0,0;0,714;0,714;1,429
Antony Alonso;ar ARG;MFFW;Dep. Riestra;28-098;1998,0;21;19;1588;17,6;4;1;5;4;0;0;3;0;0,28;29;18;62,1;1,64;1,02;0,14;0,22;;;;;;;;;;;;;;0;24;7;6;7;9;17;;;0;0,227;0,057;1,648;0,511;0,966;0,398;1,364
Aníbal Moreno;ar ARG;MF;River Plate;27-096;1999,0;19;19;1659;18,4;0;2;2;0;0;0;2;0;0,11;17;3;17,6;0,92;0,16;0,0;0,0;;;;;;;;;;;;;;0;26;10;0;8;28;38;;;0;0,0;0,109;0,924;1,522;2,065;0,435;1,413
Armando Méndez;uy URU;DF;Newell's;30-139;1996,0;14;14;1173;13,0;0;0;0;0;0;0;3;1;0,0;8;1;12,5;0,61;0,08;0,0;0,0;;;;;;;;;;;;;;0;14;14;0;45;16;37;;;0;0,0;0,0;0,615;1,231;2,846;3,462;1,077
Augusto Fernández;ar ARG;FW;Aldosivi;20-223;2006,0;1;0;10;0,1;0;0;0;0;0;0;0;0;0,0;0;0;;0,0;0,0;;;;;;;;;;;;;;;;0;0;1;0;2;0;2;;;0;0,0;0,0;0,0;0,0;20,0;20,0;0,0
Augusto Lotti;it ITA;MF;Platense;30-068;1996,0;8;1;187;2,1;2;0;2;2;0;0;0;0;0,96;5;3;60,0;2,41;1,44;0,4;0,67;;;;;;;;;;;;;;0;2;0;1;4;2;3;;;0;0,952;0,0;2,381;0,952;1,429;1,905;0,952
Augusto Max;ar ARG;MF;Gimnasia–LP;34-007;1992,0;17;15;1327;14,7;0;1;1;0;0;0;7;0;0,07;3;1;33,3;0,2;0,07;0,0;0,0;;;;;;;;;;;;;;0;20;14;0;1;17;33;;;0;0,0;0,068;0,204;1,156;2,245;0,068;1,361
Augusto Schott;ar ARG;DF;Talleres–C;26-212;2000,0;19;18;1627;18,1;3;0;3;3;0;0;6;0;0,17;17;6;35,3;0,94;0,33;0,18;0,5;;;;;;;;;;;;;;0;20;13;1;46;17;26;;;0;0,166;0,0;0,939;0,939;1,436;2,541;1,105
Augusto Solari;ar ARG;MF;Unión;34-226;1992,0;8;1;176;2,0;0;0;0;0;0;0;0;0;0,0;5;2;40,0;2,56;1,02;0,0;0,0;;;;;;;;;;;;;;0;4;1;1;5;1;2;;;0;0,0;0,0;2,5;0,5;1,0;2,5;2,0
Axel Werner;ar ARG;GK;Aldosivi;30-170;1996,0;15;15;1350;15,0;0;0;0;0;0;0;3;0;0,0;0;0;;0,0;0,0;;;18,0;1,2;59,0;41,0;69,5;0,0;7,0;8,0;4,0;26,7;2,0;1,0;0,0;0;0;3;0;0;0;0;;;0;0,0;0,0;0,0;0,0;0,0;0,0;0,0
Axel Werner;ar ARG;GK;Rosario Central;30-170;1996,0;1;1;90;1,0;0;0;0;0;0;0;0;0;0,0;0;0;;0,0;0,0;;;0,0;0,0;5,0;5,0;100,0;1,0;0,0;0,0;1,0;100,0;0,0;0,0;0,0;0;0;0;0;0;0;0;;;0;0,0;0,0;0,0;0,0;0,0;0,0;0,0
Ayrton Costa;ar ARG;DF;Boca Juniors;27-036;1999,0;15;14;1260;14,0;0;0;0;0;0;0;4;0;0,0;6;0;0,0;0,43;0,0;0,0;;;;;;;;;;;;;;;0;11;13;5;2;25;11;;;0;0,0;0,0;0,429;1,786;0,786;0,143;0,786
Ayrton Portillo;ar ARG;MFDF;Defensa;25-364;2000,0;14;12;1043;11,6;3;1;4;3;0;0;4;0;0,35;12;4;33,3;1,04;0,35;0,25;0,75;;;;;;;;;;;;;;0;10;11;3;47;10;11;;;0;0,259;0,086;1,034;0,862;0,948;4,052;0,862
Baltasar Rodríguez;ar ARG;MF;Estudiantes–LP;23-039;2003,0;1;1;60;0,7;0;0;0;0;0;0;0;0;0,0;1;1;100,0;1,5;1,5;0,0;0,0;;;;;;;;;;;;;;0;3;0;0;0;0;1;;;0;0,0;0,0;1,429;0,0;1,429;0,0;4,286
Baltasar Rodríguez;ar ARG;MF;Racing Club;23-039;2003,0;13;7;588;6,5;0;1;1;0;0;0;6;0;0,15;16;3;18,8;2,45;0,46;0,0;0,0;;;;;;;;;;;;;;0;18;13;2;21;8;11;;;0;0,0;0,154;2,462;1,231;1,692;3,231;2,769
Bautista Barros Schelotto;ar ARG;DF;Gimnasia–LP;26-216;2000,0;7;4;396;4,4;1;0;1;1;0;0;1;0;0,23;2;1;50,0;0,45;0,23;0,5;1,0;;;;;;;;;;;;;;0;5;1;0;13;5;3;;;0;0,227;0,0;0,455;1,136;0,682;2,955;1,136
Bautista Gerez;ar ARG;FW;C. Córdoba–SdE;19-216;2007,0;2;0;16;0,2;0;0;0;0;0;0;0;0;0,0;0;0;;0,0;0,0;;;;;;;;;;;;;;;;0;0;0;0;0;0;0;;;0;0,0;0,0;0,0;0,0;0,0;0,0;0,0
Bautista Merlini;ar ARG;MF;Platense;31-044;1995,0;18;5;636;7,1;2;0;2;2;0;0;0;0;0,28;15;6;40,0;2,12;0,85;0,13;0,33;;;;;;;;;;;;;;0;9;31;1;6;3;5;;;0;0,282;0,0;2,113;0,423;0,704;0,845;1,268
Bautista Pieroni;ar ARG;DF;Estudiantes–RC;18-025;2008,0;1;0;8;0,1;0;0;0;0;0;0;0;0;0,0;0;0;;0,0;0,0;;;;;;;;;;;;;;;;0;1;1;0;0;0;0;;;0;0,0;0,0;0,0;0,0;0,0;0,0;10,0
Benjamin Acosta;ar ARG;FW;Lanús;20-190;2006,0;1;0;22;0,2;0;0;0;0;0;0;0;0;0,0;2;0;0,0;8,18;0,0;0,0;;;;;;;;;;;;;;;0;1;1;0;1;0;0;;;0;0,0;0,0;10,0;0,0;0,0;5,0;5,0
Benjamín Bosch;ar ARG;FW;Platense;21-063;2005,0;2;0;23;0,3;0;0;0;0;0;0;0;0;0,0;1;0;0,0;3,91;0,0;0,0;;;;;;;;;;;;;;;0;0;1;0;2;0;0;;;0;0,0;0,0;3,333;0,0;0,0;6,667;0,0
Benjamín Pérez;ar ARG;MF;Dep. Riestra;20-075;2006,0;1;0;20;0,2;0;0;0;0;0;0;0;0;0,0;0;0;;0,0;0,0;;;;;;;;;;;;;;;;0;0;0;0;0;0;0;;;0;0,0;0,0;0,0;0,0;0,0;0,0;0,0
Blas Armoa;py PAR;FW;Gimnasia–M;26-195;2000,0;9;3;304;3,4;1;0;1;1;0;0;1;0;0,3;6;2;33,3;1,78;0,59;0,17;0,5;;;;;;;;;;;;;;0;4;8;2;8;0;0;;;0;0,294;0,0;1,765;0,0;0,0;2,353;1,176
Blas Benedetto;ar ARG;MF;Newell's;20-153;2006,0;1;0;1;0,0;0;0;0;0;0;0;0;0;0,0;0;0;;0,0;0,0;;;;;;;;;;;;;;;;0;0;0;0;1;0;0;;;0;;;;;;;
Braian Cufré;ar ARG;DF;Aldosivi;29-245;1996,0;2;2;180;2,0;0;0;0;0;0;0;0;0;0,0;0;0;;0,0;0,0;;;;;;;;;;;;;;;;0;2;0;1;9;2;4;;;0;0,0;0,0;0,0;1,0;2,0;4,5;1,0
Braian Romero;ar ARG;FW;Vélez Sarsfield;35-063;1991,0;10;2;299;3,3;1;0;1;0;1;1;3;0;0,0;12;4;33,3;3,61;1,2;0,08;0,2;;;;;;;;;;;;;;0;4;6;1;1;0;1;;;0;0,303;0,0;3,636;0,0;0,303;0,303;1,212
Brandon Márquez;ar ARG;;Sarmiento–J;21-176;2005,0;4;0;59;0,7;0;0;0;0;0;0;1;0;0,0;0;0;;0,0;0,0;;;;;;;;;;;;;;;;0;1;0;1;3;1;1;;;0;0,0;0,0;0,0;1,429;1,429;4,286;1,429
Brandon Oviedo;ar ARG;DF;Banfield;21-204;2005,0;4;4;333;3,7;0;0;0;0;0;0;0;0;0,0;0;0;;0,0;0,0;;;;;;;;;;;;;;;;0;1;3;0;2;5;6;;;0;0,0;0,0;0,0;1,351;1,622;0,541;0,27
Brayan Cortés;cl CHI;GK;Arg Juniors;31-159;1995,0;21;21;1890;21,0;0;0;0;0;0;0;4;0;0,0;0;0;;0,0;0,0;;;18,0;0,86;58,0;40,0;69,0;12,0;5,0;4,0;10,0;47,6;1,0;0,0;0,0;0;0;0;0;0;0;0;;;0;0,0;0,0;0,0;0,0;0,0;0,0;0,0
Brian Aguirre;ar ARG;FWMF;Boca Juniors;23-077;2003,0;1;0;22;0,2;0;0;0;0;0;0;0;0;0,0;1;0;0,0;4,09;0,0;0,0;;;;;;;;;;;;;;;0;1;0;0;3;0;0;;;0;0,0;0,0;5,0;0,0;0,0;15,0;5,0
Brian Aguirre;ar ARG;MF;Estudiantes–LP;23-077;2003,0;13;4;533;5,9;1;2;3;1;0;0;2;0;0,51;15;7;46,7;2,53;1,18;0,07;0,14;;;;;;;;;;;;;;0;15;7;2;32;4;3;;;0;0,169;0,339;2,542;0,678;0,508;5,424;2,542
Brian Andrada;ar ARG;FWMF;Gimnasia–M;29-056;1997,0;4;3;176;2,0;0;0;0;0;0;0;0;0;0,0;2;1;50,0;1,02;0,51;0,0;0,0;;;;;;;;;;;;;;0;4;1;0;5;3;3;;;0;0,0;0,0;1,0;1,5;1,5;2,5;2,0
Brian Cuello;ar ARG;MF;Unión;28-321;1997,0;14;11;794;8,8;2;0;2;2;0;0;4;0;0,23;19;6;31,6;2,15;0,68;0,11;0,33;;;;;;;;;;;;;;0;16;16;2;15;7;8;;;0;0,227;0,0;2,159;0,795;0,909;1,705;1,818
Brian Ferreyra;ar ARG;FW;Gimnasia–M;29-279;1996,0;10;0;241;2,7;0;0;0;0;0;0;1;0;0,0;5;1;20,0;1,87;0,37;0,0;0,0;;;;;;;;;;;;;;0;10;5;2;0;1;4;;;0;0,0;0,0;1,852;0,37;1,481;0,0;3,704
Bruno Barticciotto;cl CHI;FW;Talleres–C;25-102;2001,0;5;1;87;1,0;0;1;1;0;0;0;0;0;1,03;0;0;;0,0;0,0;;;;;;;;;;;;;;;;0;2;1;1;2;0;1;;;0;0,0;1,0;0,0;0,0;1,0;2,0;2,0
Bruno Cabrera;ar ARG;MF;Lanús;23-057;2003,0;8;2;303;3,4;0;0;0;0;0;0;1;0;0,0;7;1;14,3;2,08;0,3;0,0;0,0;;;;;;;;;;;;;;0;11;8;3;4;3;2;;;0;0,0;0,0;2,059;0,882;0,588;1,176;3,235
Bruno Cabrera;ar ARG;DF;Newell's;29-111;1997,0;11;7;609;6,8;1;0;1;1;0;0;2;1;0,15;9;2;22,2;1,33;0,3;0,11;0,5;;;;;;;;;;;;;;1;8;5;0;5;7;5;;;0;0,147;0,0;1,324;1,029;0,735;0,735;1,176
Bruno Leyes;ar ARG;MF;Tigre;24-291;2001,0;15;13;1136;12,6;0;0;0;0;0;0;4;0;0,0;8;0;0,0;0,63;0,0;0,0;;;;;;;;;;;;;;;0;24;17;0;4;23;25;;;0;0,0;0,0;0,635;1,825;1,984;0,317;1,905
Bruno Pittón;ar ARG;DF;Unión;33-197;1993,0;15;5;520;5,8;0;0;0;0;0;0;0;0;0,0;1;0;0,0;0,17;0,0;0,0;;;;;;;;;;;;;;;0;4;2;1;11;7;17;;;0;0,0;0,0;0,172;1,207;2,931;1,897;0,69
Bruno Sepúlveda;ar ARG;FW;Banfield;33-334;1992,0;15;5;532;5,9;1;1;2;0;1;1;1;0;0,17;10;3;30,0;1,69;0,51;0,09;0,25;;;;;;;;;;;;;;0;9;3;7;2;3;4;;;0;0,169;0,169;1,695;0,508;0,678;0,339;1,525
Bruno Zuculini;ar ARG;MF;Racing Club;33-137;1993,0;14;6;571;6,3;0;1;1;0;0;0;1;0;0,16;3;0;0,0;0,47;0,0;0,0;;;;;;;;;;;;;;;0;5;5;1;10;6;13;;;0;0,0;0,159;0,476;0,952;2,063;1,587;0,794
Brían Sánchez;ar ARG;MF;Dep. Riestra;33-067;1993,0;5;4;268;3,0;1;0;1;1;0;0;0;0;0,34;5;1;20,0;1,68;0,34;0,2;1,0;;;;;;;;;;;;;;0;2;4;0;5;5;5;;;0;0,333;0,0;1,667;1,667;1,667;1,667;0,667
Camilo Rey;ar ARG;MF;Boca Juniors;20-160;2006,0;4;1;96;1,1;0;0;0;0;0;0;0;0;0,0;0;0;;0,0;0,0;;;;;;;;;;;;;;;;0;1;1;0;0;2;0;;;0;0,0;0,0;0,0;1,818;0,0;0,0;0,909
Carlos Abeldano;ar ARG;FW;Atlé Tucumán;21-130;2005,0;9;6;575;6,4;1;0;1;1;0;0;2;0;0,16;12;2;16,7;1,88;0,31;0,08;0,5;;;;;;;;;;;;;;0;7;6;7;0;2;4;;;0;0,156;0,0;1,875;0,312;0,625;0,0;1,094
Carlos Arce;ar ARG;MF;Barracas Central;35-335;1990,0;1;0;4;0,0;0;0;0;0;0;0;0;0;0,0;0;0;;0,0;0,0;;;;;;;;;;;;;;;;0;0;1;0;0;0;0;;;0;;;;;;;
Carlos Delgado;py PAR;FW;Sarmiento–J;23-280;2002,0;1;0;7;0,1;0;0;0;0;0;0;0;0;0,0;0;0;;0,0;0,0;;;;;;;;;;;;;;;;0;0;0;0;0;0;0;;;0;0,0;0,0;0,0;0,0;0,0;0,0;0,0
Carlos Izquierdoz;ar ARG;DF;Lanús;37-287;1988,0;16;16;1440;16,0;2;0;2;2;0;1;7;0;0,12;12;3;25,0;0,75;0,19;0,15;0,5;;;;;;;;;;;;;;0;10;11;1;2;23;12;;;0;0,125;0,0;0,75;1,438;0,75;0,125;0,625
Carlos Quintana;ar ARG;DF;Dep. Riestra;38-187;1988,0;5;5;450;5,0;0;1;1;0;0;0;3;0;0,2;6;1;16,7;1,2;0,2;0,0;0,0;;;;;;;;;;;;;;0;7;4;0;0;6;3;;;0;0,0;0,2;1,2;1,2;0,6;0,0;1,4
Carlos Quintana;ar ARG;DF;Rosario Central;38-187;1988,0;4;2;238;2,6;0;1;1;0;0;0;1;0;0,38;0;0;;0,0;0,0;;;;;;;;;;;;;;;;0;3;3;0;0;1;0;;;0;0,0;0,385;0,0;0,385;0,0;0,0;1,154
Carlos Villalba;ar ARG;MF;Sarmiento–J;28-029;1998,0;11;8;527;5,9;1;0;1;1;0;0;4;0;0,17;12;6;50,0;2,05;1,02;0,08;0,17;;;;;;;;;;;;;;0;12;5;1;6;12;3;;;0;0,169;0,0;2,034;2,034;0,508;1,017;2,034
Cayetano Bolzán;ar ARG;FW;Gimnasia–LP;20-156;2006,0;3;0;39;0,4;0;0;0;0;0;0;0;0;0,0;1;0;0,0;2,31;0,0;0,0;;;;;;;;;;;;;;;0;1;0;1;0;0;0;;;0;0,0;0,0;2,5;0,0;0,0;0,0;2,5
Celías Ingenthron;ar ARG;DF;Platense;18-050;2008,0;3;3;258;2,9;0;0;0;0;0;0;1;0;0,0;1;0;0,0;0,35;0,0;0,0;;;;;;;;;;;;;;;0;5;4;0;9;2;4;;;0;0,0;0,0;0,345;0,69;1,379;3,103;1,724
Claudio Baeza;cl CHI;MF;Vélez Sarsfield;32-237;1993,0;18;12;1123;12,5;0;0;0;0;0;0;5;0;0,0;5;0;0,0;0,4;0,0;0,0;;;;;;;;;;;;;;;0;17;13;0;4;21;20;;;0;0,0;0,0;0,4;1,68;1,6;0,32;1,36
Claudio Bravo;ar ARG;DF;Arg Juniors;29-157;1997,0;6;1;165;1,8;0;0;0;0;0;0;1;0;0,0;0;0;;0,0;0,0;;;;;;;;;;;;;;;;0;3;1;1;5;1;9;;;0;0,0;0,0;0,0;0,556;5,0;2,778;1,667
Clever Ferreira;py PAR;DF;Atlé Tucumán;23-178;2003,0;14;12;1105;12,3;1;1;2;1;0;0;3;0;0,16;16;4;25,0;1,3;0,33;0,06;0,25;;;;;;;;;;;;;;0;6;12;0;4;11;11;;;0;0,081;0,081;1,301;0,894;0,894;0,325;0,488
Cristian Jaime;ar ARG;FW;River Plate;20-034;2006,0;1;0;19;0,2;0;0;0;0;0;0;0;0;0,0;0;0;;0,0;0,0;;;;;;;;;;;;;;;;0;0;1;0;0;0;0;;;0;0,0;0,0;0,0;0,0;0,0;0,0;0,0
Cristian Medina;ar ARG;MF;Estudiantes–LP;24-077;2002,0;5;5;443;4,9;0;1;1;0;0;0;0;0;0,2;6;3;50,0;1,22;0,61;0,0;0,0;;;;;;;;;;;;;;0;2;13;0;2;0;8;;;0;0,0;0,204;1,224;0,0;1,633;0,408;0,408
Cristian Paz;ar ARG;DF;Dep. Riestra;31-115;1995,0;20;20;1782;19,8;0;1;1;0;0;0;3;0;0,05;0;0;;0,0;0,0;;;;;;;;;;;;;;;;0;28;8;1;4;30;25;;;0;0,0;0,051;0,0;1,515;1,263;0,202;1,414
Cristian Tarragona;ar ARG;FW;Unión;35-130;1991,0;21;21;1816;20,2;8;1;9;6;2;2;4;0;0,35;48;23;47,9;2,38;1,14;0,16;0,32;;;;;;;;;;;;;;0;37;26;13;10;2;9;;;0;0,396;0,05;2,376;0,099;0,446;0,495;1,832
Cristian Zabala;ar ARG;MF;Sarmiento–J;28-166;1998,0;20;19;1719;19,1;1;1;2;1;0;0;5;0;0,1;9;2;22,2;0,47;0,1;0,11;0,5;;;;;;;;;;;;;;0;21;15;4;26;27;31;;;0;0,052;0,052;0,471;1,414;1,623;1,361;1,099
Cristopher Fiermarin;uy URU;GK;Defensa;28-228;1998,0;16;16;1440;16,0;0;0;0;0;0;0;0;0;0,0;0;0;;0,0;0,0;;;21,0;1,31;61,0;40,0;65,6;4,0;7,0;5,0;5,0;31,3;2,0;1,0;0,0;0;0;5;0;0;0;1;;;0;0,0;0,0;0,0;0,0;0,062;0,0;0,0
César Ibáñez;ar ARG;DF;Huracán;27-061;1999,0;16;15;1274;14,2;0;2;2;0;0;0;8;1;0,14;15;3;20,0;1,06;0,21;0,0;0,0;;;;;;;;;;;;;;1;33;23;2;34;20;34;;;0;0,0;0,141;1,056;1,408;2,394;2,394;2,324
César Pérez;cl CHI;MF;Defensa;23-261;2002,0;7;5;491;5,5;0;1;1;0;0;0;2;0;0,18;14;2;14,3;2,57;0,37;0,0;0,0;;;;;;;;;;;;;;0;9;7;1;5;7;9;;;0;0,0;0,182;2,545;1,273;1,636;0,909;1,636
César Rigamonti;ar ARG;GK;Gimnasia–M;39-132;1987,0;18;18;1620;18,0;0;0;0;0;0;0;2;0;0,0;0;0;;0,0;0,0;;;22,0;1,22;82,0;60,0;73,2;7,0;2,0;9,0;6,0;33,3;1,0;2,0;0,0;0;1;2;0;0;1;1;;;0;0,0;0,0;0,0;0,056;0,056;0,0;0,056
César Vega;ar ARG;MF;Atlé Tucumán;22-221;2004,0;8;6;528;5,9;0;0;0;0;0;0;4;0;0,0;2;0;0,0;0,34;0,0;0,0;;;;;;;;;;;;;;;0;19;7;0;0;12;21;;;0;0,0;0,0;0,339;2,034;3,559;0,0;3,22
Damián Fernández;ar ARG;DF;Defensa;25-227;2001,0;16;14;1223;13,6;0;0;0;0;0;0;5;0;0,0;3;1;33,3;0,22;0,07;0,0;0,0;;;;;;;;;;;;;;0;12;2;0;1;21;27;;;0;0,0;0,0;0,221;1,544;1,985;0,074;0,882
Damián Martínez;ar ARG;MFDF;Barracas Central;36-198;1990,0;10;7;514;5,7;1;0;1;1;0;0;1;0;0,18;4;1;25,0;0,7;0,18;0,25;1,0;;;;;;;;;;;;;;0;5;4;0;14;5;10;;;0;0,175;0,0;0,702;0,877;1,754;2,456;0,877
Damián Pizarro;cl CHI;FW;Racing Club;21-142;2005,0;2;2;115;1,3;0;1;1;0;0;0;0;0;0,78;2;2;100,0;1,57;1,57;0,0;0,0;;;;;;;;;;;;;;0;3;1;1;0;0;1;;;0;0,0;0,769;1,538;0,0;0,769;0,0;2,308
Danilo Arboleda;co COL;DF;Banfield;31-093;1995,0;16;16;1374;15,3;0;0;0;0;0;0;2;0;0,0;1;1;100,0;0,07;0,07;0,0;0,0;;;;;;;;;;;;;;0;7;3;1;1;14;20;;;0;0,0;0,0;0,065;0,915;1,307;0,065;0,458
Danilo Arboleda;co COL;DF;CA San Lorenzo;31-093;1995,0;2;2;180;2,0;0;0;0;0;0;0;0;0;0,0;1;0;0,0;0,5;0,0;0,0;;;;;;;;;;;;;;;0;0;1;2;0;4;2;;;0;0,0;0,0;0,5;2,0;1,0;0,0;0,0
Dardo Miloc;ar ARG;MF;Barracas Central;35-305;1990,0;20;14;1377;15,3;0;0;0;0;0;0;5;0;0,0;1;1;100,0;0,07;0,07;0,0;0,0;;;;;;;;;;;;;;0;15;13;0;0;25;23;;;0;0,0;0,0;0,065;1,634;1,503;0,0;0,98
Darío Cáceres;py PAR;MFDF;C. Córdoba–SdE;28-203;1998,0;2;2;180;2,0;0;0;0;0;0;0;0;0;0,0;1;0;0,0;0,5;0,0;0,0;;;;;;;;;;;;;;;0;0;0;0;10;2;3;;;0;0,0;0,0;0,5;1,0;1,5;5,0;0,0
Darío Cáceres;py PAR;MFDF;Defensa;28-203;1998,0;8;3;308;3,4;0;0;0;0;0;0;0;0;0,0;4;0;0,0;1,17;0,0;0,0;;;;;;;;;;;;;;;0;1;2;2;21;6;3;;;0;0,0;0,0;1,176;1,765;0,882;6,176;0,294
David Barbona;ar ARG;MFFW;Defensa;31-176;1995,0;13;6;611;6,8;3;0;3;3;0;1;1;0;0,44;13;9;69,2;1,91;1,33;0,21;0,3;;;;;;;;;;;;;;0;4;7;1;35;0;1;;;0;0,441;0,0;1,912;0,0;0,147;5,147;0,588
David Fernández;py PAR;FW;Defensa;20-224;2006,0;3;0;37;0,4;0;0;0;0;0;0;0;0;0,0;1;1;100,0;2,43;2,43;0,0;0,0;;;;;;;;;;;;;;0;2;0;1;0;0;0;;;0;0,0;0,0;2,5;0,0;0,0;0,0;5,0
David Juárez;ar ARG;FW;Aldosivi;18-266;2007,0;1;0;20;0,2;0;0;0;0;0;0;0;0;0,0;1;1;100,0;4,5;4,5;0,0;0,0;;;;;;;;;;;;;;0;0;0;0;0;0;0;;;0;0,0;0,0;5,0;0,0;0,0;0,0;0,0
David Sotelo;ar ARG;MF;Newell's;23-018;2003,0;11;4;440;4,9;0;0;0;0;0;0;0;0;0,0;7;3;42,9;1,43;0,61;0,0;0,0;;;;;;;;;;;;;;0;6;3;0;20;6;6;;;0;0,0;0,0;1,429;1,224;1,224;4,082;1,224
David Zalazar;ar ARG;MF;Banfield;24-100;2002,0;16;12;989;11,0;1;3;4;1;0;0;3;0;0,36;32;7;21,9;2,91;0,64;0,03;0,14;;;;;;;;;;;;;;0;4;20;1;106;11;10;;;0;0,091;0,273;2,909;1,0;0,909;9,636;0,364
Diego Barrera;ar ARG;MFDF;C. Córdoba–SdE;22-056;2004,0;20;17;1495;16,6;3;0;3;3;0;0;5;0;0,18;23;9;39,1;1,38;0,54;0,13;0,33;;;;;;;;;;;;;;0;20;19;3;62;6;13;;;0;0,181;0,0;1,386;0,361;0,783;3,735;1,205
Diego Churín;ar ARG;FWMF;Sarmiento–J;36-259;1989,0;18;8;756;8,4;2;0;2;1;1;1;1;1;0,12;16;5;31,3;1,9;0,6;0,12;0,33;;;;;;;;;;;;;;0;14;16;3;6;1;8;;;0;0,238;0,0;1,905;0,119;0,952;0,714;1,667
Diego Crego;ar ARG;FWDF;Ind. Rivadavia;29-210;1997,0;10;4;426;4,7;0;0;0;0;0;0;1;0;0,0;7;1;14,3;1,48;0,21;0,0;0,0;;;;;;;;;;;;;;0;4;6;1;13;8;7;;;0;0,0;0,0;1,489;1,702;1,489;2,766;0,851
Diego Díaz;ar ARG;FW;Unión;24-219;2002,0;6;0;100;1,1;1;0;1;1;0;0;0;0;0,9;6;1;16,7;5,4;0,9;0,17;1,0;;;;;;;;;;;;;;0;3;0;3;0;0;1;;;0;0,909;0,0;5,455;0,0;0,909;0,0;2,727
Diego Herazo;co COL;FW;CA San Lorenzo;30-125;1996,0;8;0;113;1,3;1;1;2;1;0;0;0;0;1,59;5;1;20,0;3,98;0,8;0,2;1,0;;;;;;;;;;;;;;0;2;1;0;2;0;0;;;0;0,769;0,769;3,846;0,0;0,0;1,538;1,538
Diego Mastrángelo;ar ARG;DF;Gimnasia–LP;23-283;2002,0;5;0;89;1,0;0;0;0;0;0;0;1;0;0,0;1;1;100,0;1,01;1,01;0,0;0,0;;;;;;;;;;;;;;0;6;1;0;4;4;3;;;0;0,0;0,0;1,0;4,0;3,0;4,0;6,0
Diego Mondino;ar ARG;DF;Gimnasia–M;31-276;1994,0;13;11;1008;11,2;0;0;0;0;0;0;2;0;0,0;2;0;0,0;0,18;0,0;0,0;;;;;;;;;;;;;;;0;5;5;0;0;21;11;;;0;0,0;0,0;0,179;1,875;0,982;0,0;0,446
Diego Ortegoza;cl CHI;MF;Racing Club;29-120;1997,0;5;3;285;3,2;0;0;0;0;0;0;1;0;0,0;3;2;66,7;0,95;0,63;0,0;0,0;;;;;;;;;;;;;;0;2;3;0;2;1;4;;;0;0,0;0,0;0,938;0,312;1,25;0,625;0,625
Diego Ortegoza;cl CHI;MF;Talleres–C;29-120;1997,0;14;10;831;9,2;0;2;2;0;0;0;3;0;0,22;17;4;23,5;1,84;0,43;0,0;0,0;;;;;;;;;;;;;;0;23;3;2;16;6;15;;;0;0,0;0,217;1,848;0,652;1,63;1,739;2,5
Diego Porcel;ar ARG;MFFW;Arg Juniors;21-208;2005,0;18;5;575;6,4;1;0;1;1;0;0;4;1;0,16;14;3;21,4;2,19;0,47;0,07;0,33;;;;;;;;;;;;;;1;17;16;8;21;1;6;;;0;0,156;0,0;2,188;0,156;0,938;3,281;2,656
Diego Sosa;ar ARG;MFDF;Instituto;29-020;1997,0;21;21;1819;20,2;1;3;4;1;0;0;2;0;0,2;27;6;22,2;1,34;0,3;0,04;0,17;;;;;;;;;;;;;;0;15;12;2;98;17;20;;;0;0,05;0,149;1,337;0,842;0,99;4,851;0,743
Diego Tarzia;ar ARG;MF;Independiente;23-113;2003,0;1;0;24;0,3;0;0;0;0;0;0;0;0;0,0;0;0;;0,0;0,0;;;;;;;;;;;;;;;;0;2;0;0;0;0;0;;;0;0,0;0,0;0,0;0,0;0,0;0,0;6,667
Diego Valdés;cl CHI;MF;Vélez Sarsfield;32-199;1994,0;17;10;830;9,2;2;5;7;2;0;0;0;0;0,76;21;6;28,6;2,28;0,65;0,1;0,33;;;;;;;;;;;;;;0;6;11;3;50;4;5;;;0;0,217;0,543;2,283;0,435;0,543;5,435;0,652
Diego Valoyes;co COL;MF;Talleres–C;29-329;1996,0;8;3;278;3,1;0;1;1;0;0;0;0;0;0,32;5;3;60,0;1,62;0,97;0,0;0,0;;;;;;;;;;;;;;0;10;3;1;12;1;4;;;0;0,0;0,323;1,613;0,323;1,29;3,871;3,226
Dilan Godoy;ar ARG;MFFW;Vélez Sarsfield;20-193;2006,0;15;8;658;7,3;0;3;3;0;0;0;2;0;0,41;24;7;29,2;3,28;0,96;0,0;0,0;;;;;;;;;;;;;;0;10;11;2;8;5;7;;;0;0,0;0,411;3,288;0,685;0,959;1,096;1,37
Domingo Blanco;ar ARG;MF;Defensa;31-117;1995,0;4;0;123;1,4;0;0;0;0;0;0;0;0;0,0;2;0;0,0;1,46;0,0;0,0;;;;;;;;;;;;;;;0;2;6;0;3;0;4;;;0;0,0;0,0;1,429;0,0;2,857;2,143;1,429
Duván Vergara;co COL;FWMF;Racing Club;29-342;1996,0;14;5;496;5,5;3;0;3;3;0;0;2;0;0,54;10;7;70,0;1,81;1,27;0,3;0,43;;;;;;;;;;;;;;0;9;13;1;18;7;5;;;0;0,545;0,0;1,818;1,273;0,909;3,273;1,636
Dylan Aquino;ar ARG;MF;Lanús;21-074;2005,0;16;5;607;6,7;6;2;8;6;0;0;4;0;1,19;24;11;45,8;3,56;1,63;0,25;0,55;;;;;;;;;;;;;;0;10;12;3;32;5;8;;;0;0,896;0,299;3,582;0,746;1,194;4,776;1,493
Dylan Gorosito;ar ARG;DF;Boca Juniors;20-195;2006,0;2;1;95;1,1;0;0;0;0;0;0;0;0;0,0;1;0;0,0;0,95;0,0;0,0;;;;;;;;;;;;;;;0;1;1;1;7;3;3;;;0;0,0;0,0;0,909;2,727;2,727;6,364;0,909
Edinson Cavani;uy URU;FW;Boca Juniors;39-184;1987,0;2;1;104;1,2;0;0;0;0;0;0;0;0;0,0;0;0;;0,0;0,0;;;;;;;;;;;;;;;;0;0;1;4;0;0;0;;;0;0,0;0,0;0,0;0,0;0,0;0,0;0,0
Eduardo Salvio;ar ARG;MF;Lanús;36-035;1990,0;19;14;1230;13,7;1;3;4;1;0;0;0;0;0,29;24;11;45,8;1,76;0,8;0,04;0,09;;;;;;;;;;;;;;0;7;14;3;38;8;11;;;0;0,073;0,219;1,752;0,584;0,803;2,774;0,511
Edwuin Cetré;co COL;MFFW;Estudiantes–LP;28-228;1998,0;16;6;714;7,9;0;1;1;0;0;0;2;0;0,13;17;6;35,3;2,14;0,76;0,0;0,0;;;;;;;;;;;;;;0;6;22;6;62;3;3;;;0;0,0;0,127;2,152;0,38;0,38;7,848;0,759
Elián Giménez;ar ARG;MF;Sarmiento–J;22-147;2004,0;3;3;188;2,1;0;0;0;0;0;0;1;0;0,0;3;0;0,0;1,44;0,0;0,0;;;;;;;;;;;;;;;0;8;0;0;3;0;4;;;0;0,0;0,0;1,429;0,0;1,905;1,429;3,81
Elías Cabrera;ar ARG;MF;Tigre;23-173;2003,0;13;8;714;7,9;0;0;0;0;0;0;2;0;0,0;19;5;26,3;2,39;0,63;0,0;0,0;;;;;;;;;;;;;;0;9;17;0;32;6;8;;;0;0,0;0,0;2,405;0,759;1,013;4,051;1,139
Elías Gómez;ar ARG;DF;Vélez Sarsfield;32-069;1994,0;19;19;1682;18,7;0;2;2;0;0;0;6;0;0,11;6;0;0,0;0,32;0,0;0,0;;;;;;;;;;;;;;;0;19;26;2;59;22;20;;;0;0,0;0,107;0,321;1,176;1,07;3,155;1,016
Elías López;ar ARG;MFDF;Aldosivi;26-040;2000,0;3;2;165;1,8;0;0;0;0;0;0;0;0;0,0;1;0;0,0;0,55;0,0;0,0;;;;;;;;;;;;;;;0;0;1;0;5;0;4;;;0;0,0;0,0;0,556;0,0;2,222;2,778;0,0
Elías Pereyra;ar ARG;DF;Barracas Central;27-183;1999,0;2;0;33;0,4;0;0;0;0;0;0;0;0;0,0;0;0;;0,0;0,0;;;;;;;;;;;;;;;;0;0;1;0;0;1;1;;;0;0,0;0,0;0,0;2,5;2,5;0,0;0,0
Elías Pereyra;ar ARG;MFDF;Defensa;27-183;1999,0;11;6;558;6,2;2;0;2;2;0;0;0;0;0,32;7;4;57,1;1,13;0,65;0,29;0,5;;;;;;;;;;;;;;0;3;8;0;16;5;6;;;0;0,323;0,0;1,129;0,806;0,968;2,581;0,484
Elías Torres;ar ARG;FW;Racing Club;25-143;2001,0;4;0;94;1,0;0;0;0;0;0;0;0;0;0,0;6;1;16,7;5,74;0,96;0,0;0,0;;;;;;;;;;;;;;0;3;1;0;0;1;1;;;0;0,0;0,0;6,0;1,0;1,0;0,0;3,0
Elías Verón;ar ARG;DFMF;Rosario Central;19-163;2007,0;4;3;256;2,8;0;0;0;0;0;0;1;0;0,0;1;0;0,0;0,35;0,0;0,0;;;;;;;;;;;;;;;0;2;2;0;8;6;6;;;0;0,0;0,0;0,357;2,143;2,143;2,857;0,714
Emanuel Coronel;ar ARG;DF;Rosario Central;29-197;1997,0;15;11;916;10,2;0;0;0;0;0;0;6;1;0,0;5;2;40,0;0,49;0,2;0,0;0,0;;;;;;;;;;;;;;1;18;9;1;13;16;11;;;0;0,0;0,0;0,49;1,569;1,078;1,275;1,765
Emanuel Iñíguez;ar ARG;DF;Aldosivi;29-335;1996,0;2;1;57;0,6;0;0;0;0;0;0;0;0;0,0;0;0;;0,0;0,0;;;;;;;;;;;;;;;;0;1;1;0;1;1;0;;;0;0,0;0,0;0,0;1,667;0,0;1,667;1,667
Emanuel Mammana;ar ARG;DF;Vélez Sarsfield;30-188;1996,0;19;15;1400;15,6;0;0;0;0;0;0;1;0;0,0;3;1;33,3;0,19;0,06;0,0;0,0;;;;;;;;;;;;;;0;8;2;0;0;15;15;;;1;0,0;0,0;0,192;0,962;0,962;0,0;0,513
Emiliano Amor;sy SYR;DF;CA San Lorenzo;31-093;1995,0;3;3;270;3,0;0;0;0;0;0;0;0;0;0,0;1;0;0,0;0,33;0,0;0,0;;;;;;;;;;;;;;;0;0;0;0;0;6;4;;;0;0,0;0,0;0,333;2,0;1,333;0,0;0,0
Emiliano Amor;sy SYR;DF;Defensa;31-093;1995,0;15;15;1304;14,5;1;0;1;1;0;0;2;0;0,07;3;1;33,3;0,21;0,07;0,33;1,0;;;;;;;;;;;;;;0;9;2;1;1;28;4;;;0;0,069;0,0;0,207;1,931;0,276;0,069;0,621
Emiliano Chiavassa;ar ARG;FW;Talleres–C;20-227;2006,0;5;0;65;0,7;0;0;0;0;0;0;0;0;0,0;1;0;0,0;1,38;0,0;0,0;;;;;;;;;;;;;;;0;0;0;0;5;0;1;;;0;0,0;0,0;1,429;0,0;1,429;7,143;0,0
Emiliano Giannunzio;ar ARG;MF;Unión;44-204;1982,0;5;1;168;1,9;0;0;0;0;0;0;1;0;0,0;2;1;50,0;1,07;0,54;0,0;0,0;;;;;;;;;;;;;;0;3;1;0;0;2;6;;;0;0,0;0,0;1,053;1,053;3,158;0,0;1,579
Emiliano Rigoni;ar ARG;MF;Belgrano;33-194;1993,0;18;18;1370;15,2;2;2;4;2;0;0;0;1;0,26;25;8;32,0;1,64;0,53;0,08;0,25;;;;;;;;;;;;;;0;15;4;7;70;6;8;;;0;0,132;0,132;1,645;0,395;0,526;4,605;0,987
Emiliano Viveros;ar ARG;FWMF;Arg Juniors;23-321;2002,0;13;10;728;8,1;1;1;2;1;0;0;1;0;0,25;13;4;30,8;1,61;0,49;0,08;0,25;;;;;;;;;;;;;;0;12;18;1;21;3;8;;;0;0,123;0,123;1,605;0,37;0,988;2,593;1,481
Emiliano Álvarez;uy URU;DF;Unión;25-192;2001,0;4;0;77;0,9;0;1;1;0;0;0;0;0;1,17;0;0;;0,0;0,0;;;;;;;;;;;;;;;;0;2;0;0;9;1;0;;;0;0,0;1,111;0,0;1,111;0,0;10,0;2,222
Emmanuel Gómez;ar ARG;GK;Ind. Rivadavia;24-337;2001,0;2;2;180;2,0;0;0;0;0;0;0;0;0;0,0;0;0;;0,0;0,0;;;3,0;1,5;7,0;4,0;57,1;0,0;1,0;1,0;0,0;0,0;0,0;0,0;0,0;0;0;1;0;0;0;0;;;0;0,0;0,0;0,0;0,0;0,0;0,0;0,0
Enzo Copetti;ar ARG;FWMF;Rosario Central;30-213;1996,0;17;8;810;9,0;4;0;4;4;0;0;2;0;0,44;19;7;36,8;2,11;0,78;0,21;0,57;;;;;;;;;;;;;;0;11;16;8;5;4;4;;;0;0,444;0,0;2,111;0,444;0,444;0,556;1,222
Enzo Giménez;py PAR;MFDF;Rosario Central;28-181;1998,0;14;14;1245;13,8;1;1;2;1;0;0;5;0;0,14;19;5;26,3;1,37;0,36;0,05;0,2;;;;;;;;;;;;;;0;23;21;3;32;15;19;;;0;0,072;0,072;1,377;1,087;1,377;2,319;1,667
Enzo Martínez;uy URU;DF;Gimnasia–LP;28-110;1998,0;19;19;1710;19,0;2;0;2;2;0;0;4;0;0,11;12;4;33,3;0,63;0,21;0,17;0,5;;;;;;;;;;;;;;0;24;12;1;2;37;16;;;1;0,105;0,0;0,632;1,947;0,842;0,105;1,263
Enzo Pérez;ar ARG;MF;Arg Juniors;40-176;1986,0;5;1;111;1,2;0;0;0;0;0;0;0;0;0,0;0;0;;0,0;0,0;;;;;;;;;;;;;;;;0;2;5;0;1;6;1;;;0;0,0;0,0;0,0;5,0;0,833;0,833;1,667
Enzo Taborda;ar ARG;FW;Barracas Central;21-089;2005,0;7;1;177;2,0;0;0;0;0;0;0;0;0;0,0;6;0;0,0;3,05;0,0;0,0;;;;;;;;;;;;;;;0;3;3;1;5;0;3;;;0;0,0;0,0;3,0;0,0;1,5;2,5;1,5
Eric Meza;ar ARG;DF;Estudiantes–LP;27-131;1999,0;16;15;1179;13,1;0;2;2;0;0;0;5;0;0,15;15;6;40,0;1,15;0,46;0,0;0,0;;;;;;;;;;;;;;0;21;11;0;55;8;22;;;0;0,0;0,153;1,145;0,611;1,679;4,198;1,603
Eric Ramírez;ar ARG;MF;Huracán;29-330;1996,0;9;1;149;1,7;0;1;1;0;0;0;1;0;0,6;7;1;14,3;4,23;0,6;0,0;0,0;;;;;;;;;;;;;;0;5;1;1;2;1;1;;;0;0,0;0,588;4,118;0,588;0,588;1,176;2,941
Eric Ramírez;ar ARG;FWMF;Unión;29-330;1996,0;3;0;25;0,3;0;0;0;0;0;0;0;0;0,0;2;1;50,0;7,2;3,6;0,0;0,0;;;;;;;;;;;;;;0;0;0;0;0;0;0;;;0;0,0;0,0;6,667;0,0;0,0;0,0;0,0
Erik Godoy;ar ARG;DF;Arg Juniors;33-001;1993,0;11;7;595;6,6;1;0;1;1;0;0;0;0;0,15;5;1;20,0;0,76;0,15;0,2;1,0;;;;;;;;;;;;;;0;9;4;0;2;10;5;;;0;0,152;0,0;0,758;1,515;0,758;0,303;1,364
Eros Mancuso;ar ARG;DF;Estudiantes–LP;27-122;1999,0;16;8;909;10,1;1;0;1;1;0;0;4;0;0,1;7;3;42,9;0,69;0,3;0,14;0,33;;;;;;;;;;;;;;0;11;13;4;21;7;16;;;0;0,099;0,0;0,693;0,693;1,584;2,079;1,089
Esteban Fernández;ar ARG;MFFW;Gimnasia–M;24-223;2002,0;12;9;577;6,4;0;0;0;0;0;0;4;0;0,0;5;2;40,0;0,78;0,31;0,0;0,0;;;;;;;;;;;;;;0;7;14;1;14;4;9;;;0;0,0;0,0;0,781;0,625;1,406;2,188;1,094
Esteban Lucero;ar ARG;DFMF;Defensa;21-019;2005,0;11;7;642;7,1;0;0;0;0;0;0;1;0;0,0;2;0;0,0;0,28;0,0;0,0;;;;;;;;;;;;;;;0;6;7;0;14;9;10;;;0;0,0;0,0;0,282;1,268;1,408;1,972;0,845
Esteban Rolón;ar ARG;MF;Aldosivi;31-145;1995,0;14;11;836;9,3;0;0;0;0;0;0;6;0;0,0;7;2;28,6;0,75;0,22;0,0;0,0;;;;;;;;;;;;;;0;14;3;1;23;8;13;;;0;0,0;0,0;0,753;0,86;1,398;2,473;1,505
Esteban Rolón;ar ARG;MF;Barracas Central;31-145;1995,0;1;1;58;0,6;0;0;0;0;0;0;0;0;0,0;0;0;;0,0;0,0;;;;;;;;;;;;;;;;0;4;1;0;0;2;1;;;0;0,0;0,0;0,0;3,333;1,667;0,0;6,667
Eugenio Raggio;ar ARG;DF;Platense;24-351;2001,0;8;8;720;8,0;0;0;0;0;0;0;2;0;0,0;1;0;0,0;0,12;0,0;0,0;;;;;;;;;;;;;;;0;3;8;1;0;12;5;;;0;0,0;0,0;0,125;1,5;0,625;0,0;0,375
Exequiel Zeballos;ar ARG;FWMF;Boca Juniors;24-115;2002,0;7;5;457;5,1;1;3;4;1;0;0;0;0;0,79;10;6;60,0;1,97;1,18;0,1;0,17;;;;;;;;;;;;;;0;5;12;2;14;0;5;;;0;0,196;0,588;1,961;0,0;0,98;2,745;0,98
Ezequiel Bonifacio;ar ARG;DF;Ind. Rivadavia;32-100;1994,0;12;6;544;6,0;0;1;1;0;0;0;2;0;0,17;4;0;0,0;0,66;0,0;0,0;;;;;;;;;;;;;;;0;11;2;2;4;4;15;;;0;0,0;0,167;0,667;0,667;2,5;0,667;1,833
Ezequiel Cannavo;ar ARG;DF;Racing Club;24-066;2002,0;18;17;1551;17,2;1;0;1;1;0;0;3;0;0,06;7;1;14,3;0,41;0,06;0,14;1,0;;;;;;;;;;;;;;0;19;19;0;24;22;32;;;0;0,058;0,0;0,407;1,279;1,86;1,395;1,105
Ezequiel Cerutti;ar ARG;MFFW;CA San Lorenzo;34-212;1992,0;7;6;427;4,7;0;0;0;0;0;0;1;0;0,0;7;1;14,3;1,48;0,21;0,0;0,0;;;;;;;;;;;;;;0;11;15;4;24;1;1;;;0;0,0;0,0;1,489;0,213;0,213;5,106;2,34
Ezequiel Forclaz;ar ARG;MF;Estudiantes–RC;23-136;2003,0;5;0;105;1,2;0;0;0;0;0;0;1;0;0,0;2;0;0,0;1,71;0,0;0,0;;;;;;;;;;;;;;;0;3;1;0;4;0;1;;;0;0,0;0,0;1,667;0,0;0,833;3,333;2,5
Ezequiel Ham;sy SYR;MF;Atlé Tucumán;32-160;1994,0;15;9;744;8,3;0;1;1;0;0;0;3;0;0,12;12;1;8,3;1,45;0,12;0,0;0,0;;;;;;;;;;;;;;0;3;1;0;23;8;6;;;0;0,0;0,12;1,446;0,964;0,723;2,771;0,361
Ezequiel Herrera;ar ARG;DF;CA San Lorenzo;23-207;2003,0;17;17;1501;16,7;1;0;1;1;0;0;3;0;0,06;9;2;22,2;0,54;0,12;0,11;0,5;;;;;;;;;;;;;;0;13;14;1;16;20;19;;;0;0,06;0,0;0,539;1,198;1,138;0,958;0,778
Ezequiel Muñoz;ar ARG;DF;Gimnasia–M;35-313;1990,0;17;17;1474;16,4;2;0;2;2;0;0;1;0;0,12;9;3;33,3;0,55;0,18;0,22;0,67;;;;;;;;;;;;;;0;9;6;0;1;20;12;;;0;0,122;0,0;0,549;1,22;0,732;0,061;0,549
Ezequiel Naya;ar ARG;FW;C. Córdoba–SdE;25-013;2001,0;15;11;822;9,1;2;0;2;2;0;0;1;0;0,22;13;8;61,5;1,42;0,88;0,15;0,25;;;;;;;;;;;;;;0;14;20;0;4;1;2;;;0;0,22;0,0;1,429;0,11;0,22;0,44;1,538
Ezequiel Pérez;ar ARG;MF;Racing Club;18-086;2008,0;1;0;7;0,1;0;0;0;0;0;0;0;0;0,0;0;0;;0,0;0,0;;;;;;;;;;;;;;;;0;0;0;0;0;0;0;;;0;0,0;0,0;0,0;0,0;0,0;0,0;0,0
Ezequiel Unsain;ar ARG;GK;Talleres–C;31-161;1995,0;4;4;360;4,0;0;0;0;0;0;0;0;0;0,0;0;0;;0,0;0,0;;;7,0;1,75;26,0;19,0;73,1;1,0;0,0;3,0;1,0;25,0;1,0;0,0;0,0;0;0;0;0;0;0;0;;;0;0,0;0,0;0,0;0,0;0,0;0,0;0,0
Fabio Pereyra;ar ARG;DF;Huracán;36-198;1990,0;18;17;1494;16,6;0;0;0;0;0;0;1;0;0,0;5;1;20,0;0,3;0,06;0,0;0,0;;;;;;;;;;;;;;0;8;8;0;0;18;11;;;0;0,0;0,0;0,301;1,084;0,663;0,0;0,482
Fabio Álvarez;ar ARG;MF;Banfield;33-206;1993,0;3;1;82;0,9;0;0;0;0;0;0;0;0;0,0;2;0;0,0;2,2;0,0;0,0;;;;;;;;;;;;;;;0;1;0;0;0;2;1;;;0;0,0;0,0;2,222;2,222;1,111;0,0;1,111
Fabián Noguera;ar ARG;DF;Newell's;33-150;1993,0;2;0;110;1,2;0;0;0;0;0;0;0;0;0,0;0;0;;0,0;0,0;;;;;;;;;;;;;;;;0;1;0;0;0;0;2;;;0;0,0;0,0;0,0;0,0;1,667;0,0;0,833
Fabricio Bustos;ar ARG;DF;River Plate;30-111;1996,0;3;2;180;2,0;0;0;0;0;0;0;0;0;0,0;3;0;0,0;1,5;0,0;0,0;;;;;;;;;;;;;;;0;0;1;0;1;5;2;;;0;0,0;0,0;1,5;2,5;1,0;0,5;0,0
Fabricio Iacovich;ar ARG;GK;Estudiantes–LP;24-200;2002,0;8;7;675;7,5;0;0;0;0;0;0;0;0;0,0;0;0;;0,0;0,0;;;5,0;0,67;26,0;21,0;80,8;3,0;1,0;3,0;3,0;42,9;1,0;1,0;0,0;0;1;0;0;0;0;1;;;0;0,0;0,0;0,0;0,0;0,133;0,0;0,133
Fabricio López;ar ARG;DF;CA San Lorenzo;23-269;2002,0;5;2;263;2,9;0;0;0;0;0;0;1;0;0,0;3;0;0,0;1,03;0,0;0,0;;;;;;;;;;;;;;;0;4;0;0;6;4;5;;;0;0,0;0,0;1,034;1,379;1,724;2,069;1,379
Fabricio Oviedo;ar ARG;FW;Rosario Central;22-186;2004,0;2;1;67;0,7;0;0;0;0;0;0;0;0;0,0;0;0;;0,0;0,0;;;;;;;;;;;;;;;;0;3;2;2;0;0;0;;;0;0,0;0,0;0,0;0,0;0,0;0,0;4,286
Fabricio Pérez;ar ARG;MF;Estudiantes–LP;20-253;2005,0;19;13;999;11,1;3;0;3;3;0;0;3;0;0,27;20;9;45,0;1,8;0,81;0,15;0,33;;;;;;;;;;;;;;0;20;15;0;40;7;11;;;0;0,27;0,0;1,802;0,631;0,991;3,604;1,802
Fabrizio Sartori;ar ARG;FWMF;Ind. Rivadavia;24-033;2002,0;19;18;1384;15,4;6;0;6;6;0;0;2;0;0,39;27;10;37,0;1,76;0,65;0,22;0,6;;;;;;;;;;;;;;0;23;14;6;9;3;4;;;0;0,39;0,0;1,753;0,195;0,26;0,584;1,494
Facundo Alaggia;ar ARG;MF;Sarmiento–J;21-077;2005,0;4;0;42;0,5;0;0;0;0;0;0;0;0;0,0;2;1;50,0;4,29;2,14;0,0;0,0;;;;;;;;;;;;;;0;0;3;0;2;0;2;;;0;0,0;0,0;4,0;0,0;4,0;4,0;0,0
Facundo Altamira;;MF;Defensa;;;6;1;166;1,8;0;0;0;0;0;0;1;0;0,0;2;1;50,0;1,08;0,54;0,0;0,0;;;;;;;;;;;;;;0;2;4;1;1;1;1;;;0;0,0;0,0;1,111;0,556;0,556;0,556;1,111
Facundo Bruera;ar ARG;FW;Barracas Central;27-328;1998,0;18;13;1214;13,5;1;1;2;1;0;0;6;0;0,15;33;12;36,4;2,45;0,89;0,03;0,08;;;;;;;;;;;;;;0;36;15;4;4;3;4;;;0;0,074;0,074;2,444;0,222;0,296;0,296;2,667
Facundo Cambeses;ar ARG;GK;Racing Club;29-130;1997,0;21;21;1890;21,0;0;0;0;0;0;0;1;0;0,0;0;0;;0,0;0,0;;;22,0;1,05;74,0;51,0;70,3;6,0;7,0;8,0;7,0;33,3;0,0;2,0;0,0;0;0;4;0;0;0;0;;;0;0,0;0,0;0,0;0,0;0,0;0,0;0,0
Facundo Carrizo;ar ARG;FW;Arg Juniors;19-078;2007,0;2;0;16;0,2;0;0;0;0;0;0;0;0;0,0;0;0;;0,0;0,0;;;;;;;;;;;;;;;;0;0;0;0;0;0;0;;;0;0,0;0,0;0,0;0,0;0,0;0,0;0,0
Facundo Cobos;ar ARG;DFMF;Estudiantes–RC;33-179;1993,0;11;8;727;8,1;1;0;1;1;0;0;0;0;0,12;3;2;66,7;0,37;0,25;0,33;0,5;;;;;;;;;;;;;;0;6;10;0;38;11;18;;;0;0,123;0,0;0,37;1,358;2,222;4,691;0,741
Facundo Colidio;ar ARG;FWMF;River Plate;26-225;2000,0;15;12;977;10,9;3;1;4;3;0;0;1;1;0,37;21;9;42,9;1,93;0,83;0,14;0,33;;;;;;;;;;;;;;0;12;24;1;19;1;6;;;0;0,275;0,092;1,927;0,092;0,55;1,743;1,101
Facundo De La Vega;ar ARG;FW;Aldosivi;23-124;2003,0;5;1;145;1,6;0;0;0;0;0;0;0;0;0,0;3;1;33,3;1,86;0,62;0,0;0,0;;;;;;;;;;;;;;0;7;1;1;0;0;1;;;0;0,0;0,0;1,875;0,0;0,625;0,0;4,375
Facundo Farías;ar ARG;MFFW;Estudiantes–LP;23-354;2002,0;11;5;409;4,5;0;0;0;0;0;0;0;0;0,0;11;3;27,3;2,42;0,66;0,0;0,0;;;;;;;;;;;;;;0;6;16;0;4;2;2;;;0;0,0;0,0;2,444;0,444;0,444;0,889;1,333
Facundo Gallardo;ar ARG;MF;Estudiantes–RC;20-216;2006,0;4;2;157;1,7;0;0;0;0;0;0;0;0;0,0;2;2;100,0;1,15;1,15;0,0;0,0;;;;;;;;;;;;;;0;0;4;0;9;0;0;;;0;0,0;0,0;1,176;0,0;0,0;5,294;0,0
Facundo González;ar ARG;DF;River Plate;20-136;2006,0;3;1;138;1,5;0;0;0;0;0;0;0;0;0,0;1;0;0,0;0,65;0,0;0,0;;;;;;;;;;;;;;;0;3;1;0;4;5;3;;;0;0,0;0,0;0,667;3,333;2,0;2,667;2,0
Facundo Guch;ar ARG;MF;Newell's;19-209;2007,0;19;18;1315;14,6;2;3;5;2;0;0;4;0;0,34;27;6;22,2;1,85;0,41;0,07;0,33;;;;;;;;;;;;;;0;12;22;0;72;7;20;;;0;0,137;0,205;1,849;0,479;1,37;4,932;0,822
Facundo Gulli;ar ARG;MFFW;CA San Lorenzo;20-326;2005,0;19;15;997;11,1;0;2;2;0;0;0;3;0;0,18;14;7;50,0;1,26;0,63;0,0;0,0;;;;;;;;;;;;;;0;9;9;1;47;4;8;;;0;0,0;0,18;1,261;0,36;0,721;4,234;0,811
Facundo Jainikoski;ar ARG;FWMF;Arg Juniors;18-155;2008,0;19;5;717;8,0;0;2;2;0;0;0;0;0;0,25;21;5;23,8;2,64;0,63;0,0;0,0;;;;;;;;;;;;;;0;9;27;3;38;4;10;;;0;0,0;0,25;2,625;0,5;1,25;4,75;1,125
Facundo Kalinger di Napoli;ar ARG;MF;Huracán;21-199;2005,0;10;4;461;5,1;0;1;1;0;0;0;0;0;0,2;10;4;40,0;1,95;0,78;0,0;0,0;;;;;;;;;;;;;;0;11;13;1;1;4;6;;;0;0,0;0,196;1,961;0,784;1,176;0,196;2,157
Facundo Lencioni;ar ARG;MF;Gimnasia–M;25-184;2001,0;20;20;1701;18,9;2;6;8;2;0;0;5;0;0,42;48;13;27,1;2,54;0,69;0,04;0,15;;;;;;;;;;;;;;0;19;25;2;87;10;17;;;0;0,106;0,317;2,54;0,529;0,899;4,603;1,005
Facundo Mallo;uy URU;DF;Rosario Central;31-213;1995,0;11;8;773;8,6;0;0;0;0;0;0;3;0;0,0;2;0;0,0;0,23;0,0;0,0;;;;;;;;;;;;;;;0;8;2;2;0;11;7;;;1;0,0;0,0;0,233;1,279;0,814;0,0;0,93
Facundo Mansilla;ar ARG;DF;C. Córdoba–SdE;27-171;1999,0;17;17;1447;16,1;1;0;1;1;0;0;1;0;0,06;4;2;50,0;0,25;0,12;0,25;0,5;;;;;;;;;;;;;;0;18;9;1;2;44;18;;;0;0,062;0,0;0,248;2,733;1,118;0,124;1,118
Facundo Miño;ar ARG;DF;Dep. Riestra;26-305;1999,0;19;14;1280;14,2;0;0;0;0;0;0;6;0;0,0;2;1;50,0;0,14;0,07;0,0;0,0;;;;;;;;;;;;;;0;18;10;0;4;29;17;;;0;0,0;0,0;0,141;2,042;1,197;0,282;1,268
Facundo Pimienta;ar ARG;FW;Atlé Tucumán;23-031;2003,0;1;0;10;0,1;0;0;0;0;0;0;0;0;0,0;0;0;;0,0;0,0;;;;;;;;;;;;;;;;0;0;0;0;1;0;1;;;0;0,0;0,0;0,0;0,0;10,0;10,0;0,0
Facundo Sanguinetti;ar ARG;GK;Banfield;25-169;2001,0;20;20;1800;20,0;0;0;0;0;0;0;0;0;0,0;0;0;;0,0;0,0;;;24,0;1,2;106,0;82,0;77,4;6,0;4,0;10,0;5,0;25,0;2,0;0,0;0,0;0;0;4;0;0;0;0;;;1;0,0;0,0;0,0;0,0;0,0;0,0;0,0
Facundo Suárez;ar ARG;FW;Instituto;32-047;1994,0;3;0;56;0,6;1;0;1;1;0;0;0;0;1,61;2;2;100,0;3,21;3,21;0,5;0,5;;;;;;;;;;;;;;0;2;1;1;1;0;0;;;0;1,667;0,0;3,333;0,0;0,0;1,667;3,333
Facundo Sánchez;ar ARG;MF;Lanús;21-010;2005,0;4;3;192;2,1;0;0;0;0;0;0;0;0;0,0;2;1;50,0;0,94;0,47;0,0;0,0;;;;;;;;;;;;;;0;4;0;0;2;3;0;;;0;0,0;0,0;0,952;1,429;0,0;0,952;1,905
Facundo Valdéz;ar ARG;MF;Independiente;20-129;2006,0;7;1;177;2,0;0;0;0;0;0;0;0;0;0,0;2;0;0,0;1,02;0,0;0,0;;;;;;;;;;;;;;;0;3;0;0;5;0;2;;;0;0,0;0,0;1,0;0,0;1,0;2,5;1,5
Facundo Waller;uy URU;MF;Huracán;29-130;1997,0;16;13;1145;12,7;1;0;1;1;0;0;4;0;0,08;9;3;33,3;0,71;0,24;0,11;0,33;;;;;;;;;;;;;;0;28;30;0;14;19;25;;;0;0,079;0,0;0,709;1,496;1,969;1,102;2,205
Facundo Zabala;ar ARG;DF;Independiente;27-227;1999,0;18;17;1497;16,6;0;1;1;0;0;0;5;0;0,06;15;3;20,0;0,9;0,18;0,0;0,0;;;;;;;;;;;;;;0;31;16;4;62;25;27;;;0;0,0;0,06;0,904;1,506;1,627;3,735;1,867
Fausto Vera;ar ARG;MF;River Plate;26-144;2000,0;16;14;1172;13,0;0;0;0;0;0;0;3;1;0,0;28;5;17,9;2,15;0,38;0,0;0,0;;;;;;;;;;;;;;0;20;5;0;10;7;21;;;0;0,0;0,0;2,154;0,538;1,615;0,769;1,538
Federico Anselmo;ar ARG;FW;Banfield;32-122;1994,0;7;0;105;1,2;0;0;0;0;0;0;0;0;0,0;8;0;0,0;6,86;0,0;0,0;;;;;;;;;;;;;;;0;5;1;1;1;0;1;;;0;0,0;0,0;6,667;0,0;0,833;0,833;4,167
Federico Fattori;ar ARG;MF;Arg Juniors;34-026;1992,0;16;16;1363;15,1;0;0;0;0;0;0;2;0;0,0;6;2;33,3;0,4;0,13;0,0;0,0;;;;;;;;;;;;;;0;13;16;0;9;22;13;;;0;0,0;0,0;0,397;1,457;0,861;0,596;0,861
Federico Fattori;ar ARG;MF;Talleres–C;34-026;1992,0;4;4;334;3,7;0;0;0;0;0;0;3;0;0,0;1;0;0,0;0,27;0,0;0,0;;;;;;;;;;;;;;;0;9;1;0;0;6;6;;;0;0,0;0,0;0,27;1,622;1,622;0,0;2,432
Federico Gino;uy URU;MF;Aldosivi;33-172;1993,0;13;12;1026;11,4;2;0;2;1;1;1;6;0;0,09;16;3;18,8;1,4;0,26;0,12;0,5;;;;;;;;;;;;;;0;21;10;1;5;8;11;;;0;0,175;0,0;1,404;0,702;0,965;0,439;1,842
Federico Laurelli;ar ARG;MFDF;Aldosivi;22-038;2004,0;4;3;240;2,7;0;0;0;0;0;0;1;0;0,0;1;0;0,0;0,37;0,0;0,0;;;;;;;;;;;;;;;0;2;2;0;9;2;4;;;0;0,0;0,0;0,37;0,741;1,481;3,333;0,741
Federico Mancuello;ar ARG;DFFW;Independiente;37-144;1989,0;1;0;7;0,1;0;0;0;0;0;0;0;0;0,0;0;0;;0,0;0,0;;;;;;;;;;;;;;;;0;0;0;0;0;0;0;;;0;0,0;0,0;0,0;0,0;0,0;0,0;0,0
Federico Medina;ar ARG;FW;Banfield;22-182;2004,0;2;1;109;1,2;0;0;0;0;0;0;0;0;0,0;1;1;100,0;0,83;0,83;0,0;0,0;;;;;;;;;;;;;;0;3;2;1;2;1;2;;;0;0,0;0,0;0,833;0,833;1,667;1,667;2,5
Federico Navarro;ar ARG;MF;Rosario Central;26-161;2000,0;15;3;434;4,8;0;0;0;0;0;0;2;0;0,0;1;0;0,0;0,21;0,0;0,0;;;;;;;;;;;;;;;0;7;2;0;0;4;10;;;0;0,0;0,0;0,208;0,833;2,083;0,0;1,458
Federico Ricca;uy URU;DFMF;Belgrano;31-259;1994,0;9;9;663;7,4;0;0;0;0;0;0;1;1;0,0;4;0;0,0;0,54;0,0;0,0;;;;;;;;;;;;;;;0;6;6;1;12;8;6;;;0;0,0;0,0;0,541;1,081;0,811;1,622;0,811
Federico Rodriguez;;MF;C. Córdoba–SdE;;;1;0;4;0,0;0;0;0;0;0;0;0;0;0,0;0;0;;0,0;0,0;;;;;;;;;;;;;;;;0;0;0;0;0;0;0;;;0;;;;;;;
Federico Vera;ar ARG;DF;Huracán;28-146;1998,0;6;5;450;5,0;0;0;0;0;0;0;1;0;0,0;1;0;0,0;0,2;0,0;0,0;;;;;;;;;;;;;;;0;9;7;0;13;9;8;;;0;0,0;0,0;0,2;1,8;1,6;2,6;1,8
Federico Zaracho;ar ARG;MFFW;Racing Club;28-160;1998,0;17;7;746;8,3;2;0;2;2;0;0;2;0;0,24;13;3;23,1;1,57;0,36;0,15;0,67;;;;;;;;;;;;;;0;11;7;2;9;8;10;;;0;0,241;0,0;1,566;0,964;1,205;1,084;1,325
Federico Álvarez;ar ARG;DF;Tigre;32-010;1994,0;18;15;1357;15,1;0;1;1;0;0;0;2;0;0,07;15;1;6,7;0,99;0,07;0,0;0,0;;;;;;;;;;;;;;0;11;18;1;61;28;24;;;0;0,0;0,066;0,993;1,854;1,589;4,04;0,728
Felipe Anso;ar ARG;MF;Aldosivi;19-162;2007,0;4;4;299;3,3;1;0;1;1;0;0;1;0;0,3;3;1;33,3;0,9;0,3;0,33;1,0;;;;;;;;;;;;;;0;7;1;1;7;2;1;;;0;0,303;0,0;0,909;0,606;0,303;2,121;2,121
Felipe Bussio;ar ARG;MF;Platense;22-062;2004,0;11;6;506;5,6;0;0;0;0;0;0;2;0;0,0;2;0;0,0;0,36;0,0;0,0;;;;;;;;;;;;;;;0;11;0;0;4;13;7;;;0;0,0;0,0;0,357;2,321;1,25;0,714;1,964
Felipe Peña;ar ARG;MF;Lanús;25-134;2001,0;19;9;921;10,2;1;0;1;1;0;0;1;0;0,1;15;5;33,3;1,47;0,49;0,07;0,2;;;;;;;;;;;;;;0;8;6;0;2;13;23;;;0;0,098;0,0;1,471;1,275;2,255;0,196;0,784
Felipe Tempone;ar ARG;FW;Independiente;20-195;2006,0;4;0;34;0,4;0;1;1;0;0;0;0;0;2,65;1;0;0,0;2,65;0,0;0,0;;;;;;;;;;;;;;;0;0;0;2;0;0;1;;;0;0,0;2,5;2,5;0,0;2,5;0,0;0,0
Felipe Zenobio;ar ARG;GK;Tigre;26-087;2000,0;19;19;1710;19,0;0;0;0;0;0;0;0;0;0,0;0;0;;0,0;0,0;;;15,0;0,79;59,0;44,0;74,6;6,0;9,0;4,0;6,0;31,6;1,0;0,0;0,0;0;0;3;0;0;0;0;;;0;0,0;0,0;0,0;0,0;0,0;0,0;0,0
Fermín Antonini;ar ARG;MF;Gimnasia–M;29-046;1997,0;16;14;1091;12,1;0;1;1;0;0;0;5;0;0,08;10;2;20,0;0,82;0,16;0,0;0,0;;;;;;;;;;;;;;0;26;24;0;4;15;22;;;0;0,0;0,083;0,826;1,24;1,818;0,331;2,149
Fernando Alarcón;ar ARG;DF;Instituto;32-062;1994,0;18;17;1530;17,0;1;0;1;1;0;0;8;0;0,06;15;5;33,3;0,88;0,29;0,07;0,2;;;;;;;;;;;;;;0;26;8;0;1;29;27;;;0;0,059;0,0;0,882;1,706;1,588;0,059;1,529
Fernando Bersano;ar ARG;DFMF;Estudiantes–RC;28-226;1998,0;1;0;19;0,2;0;0;0;0;0;0;0;0;0,0;1;0;0,0;4,74;0,0;0,0;;;;;;;;;;;;;;;0;1;0;0;3;0;0;;;0;0,0;0,0;5,0;0,0;0,0;15,0;5,0
Fernando Juárez;ar ARG;MF;C. Córdoba–SdE;27-359;1998,0;4;3;315;3,5;0;0;0;0;0;0;1;0;0,0;0;0;;0,0;0,0;;;;;;;;;;;;;;;;0;6;9;0;1;6;4;;;0;0,0;0,0;0,0;1,714;1,143;0,286;1,714
Fernando Martínez;ar ARG;MFDF;C. Córdoba–SdE;26-021;2000,0;19;11;1017;11,3;1;0;1;1;0;0;3;0;0,09;5;2;40,0;0,44;0,18;0,2;0,5;;;;;;;;;;;;;;0;13;6;2;31;12;22;;;0;0,088;0,0;0,442;1,062;1,947;2,743;1,15
Fernando Muslera;uy URU;GK;Estudiantes–LP;40-062;1986,0;14;14;1215;13,5;0;0;0;0;0;0;1;0;0,0;0;0;;0,0;0,0;;;7,0;0,52;41,0;33,0;82,9;8,0;3,0;3,0;8,0;57,1;0,0;1,0;0,0;0;0;3;0;0;0;0;;;0;0,0;0,0;0,0;0,0;0,0;0,0;0,0
Fernando Rodríguez;ar ARG;DF;Estudiantes–RC;25-316;2000,0;1;0;23;0,3;0;0;0;0;0;0;0;0;0,0;1;0;0,0;3,91;0,0;0,0;;;;;;;;;;;;;;;0;2;0;0;1;0;2;;;0;0,0;0,0;3,333;0,0;6,667;3,333;6,667
Fernando Román;py PAR;DF;Aldosivi;27-270;1998,0;15;11;1030;11,4;0;1;1;0;0;0;3;0;0,09;3;0;0,0;0,26;0,0;0,0;;;;;;;;;;;;;;;0;15;9;0;43;18;21;;;0;0,0;0,088;0,263;1,579;1,842;3,772;1,316
Fernando Román;py PAR;DF;Defensa;27-270;1998,0;4;1;149;1,7;1;0;1;1;0;0;2;0;0,6;3;1;33,3;1,81;0,6;0,33;1,0;;;;;;;;;;;;;;0;4;1;1;7;3;5;;;0;0,588;0,0;1,765;1,765;2,941;4,118;2,353
Fernando Tobio;ar ARG;DF;Barracas Central;36-303;1989,0;16;15;1365;15,2;2;0;2;2;0;0;0;0;0,13;7;3;42,9;0,46;0,2;0,29;0,67;;;;;;;;;;;;;;0;3;3;0;1;11;9;;;0;0,132;0,0;0,461;0,724;0,592;0,066;0,197
Florián Monzón;ar ARG;FW;Vélez Sarsfield;25-226;2001,0;15;14;1130;12,6;6;0;6;5;1;1;3;0;0,4;29;17;58,6;2,31;1,35;0,2;0,33;;;;;;;;;;;;;;0;22;10;7;5;3;7;;;0;0,476;0,0;2,302;0,238;0,556;0,397;1,746
Francesco Lo Celso;ar ARG;MF;Estudiantes–RC;26-165;2000,0;2;0;6;0,1;0;0;0;0;0;0;0;0;0,0;0;0;;0,0;0,0;;;;;;;;;;;;;;;;0;0;0;0;0;0;0;;;0;0,0;0,0;0,0;0,0;0,0;0,0;0,0
Francisco Galván;ar ARG;FW;Estudiantes–RC;27-032;1999,0;1;0;7;0,1;0;0;0;0;0;0;0;0;0,0;0;0;;0,0;0,0;;;;;;;;;;;;;;;;0;0;0;0;0;0;0;;;0;0,0;0,0;0,0;0,0;0,0;0,0;0,0
Francisco González;ar ARG;MFFW;Belgrano;29-141;1997,0;14;7;656;7,3;3;0;3;3;0;0;0;0;0,41;16;4;25,0;2,2;0,55;0,19;0,75;;;;;;;;;;;;;;0;7;13;1;10;8;16;;;0;0,411;0,0;2,192;1,096;2,192;1,37;0,959
Francisco Ortega;ar ARG;DF;River Plate;27-151;1999,0;2;2;180;2,0;0;0;0;0;0;0;0;0;0,0;1;1;100,0;0,5;0,5;0,0;0,0;;;;;;;;;;;;;;0;2;2;0;7;1;2;;;0;0,0;0,0;0,5;0,5;1,0;3,5;1,0
Francisco Perruzzi;ar ARG;MF;Aldosivi;24-349;2001,0;1;0;24;0,3;0;0;0;0;0;0;0;0;0,0;0;0;;0,0;0,0;;;;;;;;;;;;;;;;0;2;0;0;0;0;0;;;0;0,0;0,0;0,0;0,0;0,0;0,0;6,667
Francisco Perruzzi;ar ARG;MF;CA San Lorenzo;24-349;2001,0;4;0;33;0,4;0;0;0;0;0;0;0;0;0,0;0;0;;0,0;0,0;;;;;;;;;;;;;;;;0;1;1;0;0;1;1;;;0;0,0;0,0;0,0;2,5;2,5;0,0;2,5
Francisco Romero;ar ARG;MF;Estudiantes–RC;27-162;1999,0;14;12;1073;11,9;0;0;0;0;0;0;1;0;0,0;3;0;0,0;0,25;0,0;0,0;;;;;;;;;;;;;;;0;8;9;0;32;26;12;;;0;0,0;0,0;0,252;2,185;1,008;2,689;0,672
Francisco Scarpeccio;ar ARG;FW;Newell's;20-207;2006,0;9;1;264;2,9;1;0;1;1;0;0;1;0;0,34;4;3;75,0;1,36;1,02;0,25;0,33;;;;;;;;;;;;;;0;7;5;3;3;1;1;;;0;0,345;0,0;1,379;0,345;0,345;1,034;2,414
Francisco Álvarez;ar ARG;DF;Arg Juniors;26-172;2000,0;20;20;1793;19,9;2;0;2;2;0;0;8;0;0,1;20;5;25,0;1,0;0,25;0,1;0,4;;;;;;;;;;;;;;0;20;12;0;8;39;24;;;0;0,101;0,0;1,005;1,96;1,206;0,402;1,005
Franco Amarfil;ar ARG;MF;Platense;25-159;2001,0;14;13;999;11,1;0;0;0;0;0;0;5;0;0,0;9;2;22,2;0,81;0,18;0,0;0,0;;;;;;;;;;;;;;0;24;8;0;9;16;21;;;0;0,0;0,0;0,811;1,441;1,892;0,811;2,162
Franco Armani;ar ARG;GK;River Plate;39-305;1986,0;1;1;45;0,5;0;0;0;0;0;0;0;0;0,0;0;0;;0,0;0,0;;;1,0;2,0;3,0;2,0;66,7;0,0;0,0;1,0;0,0;0,0;0,0;0,0;0,0;0;0;0;0;0;0;0;;;0;0,0;0,0;0,0;0,0;0,0;0,0;0,0
Franco Cervi;ar ARG;FWMF;Rosario Central;32-083;1994,0;1;0;20;0,2;0;0;0;0;0;0;1;0;0,0;0;0;;0,0;0,0;;;;;;;;;;;;;;;;0;2;1;0;0;0;0;;;0;0,0;0,0;0,0;0,0;0,0;0,0;10,0
Franco Cristaldo;ar ARG;MFFW;Talleres–C;30-002;1996,0;12;12;917;10,2;1;2;3;1;0;0;1;0;0,29;10;3;30,0;0,98;0,29;0,1;0,33;;;;;;;;;;;;;;0;8;13;0;41;1;9;;;0;0,098;0,196;0,98;0,098;0,882;4,02;0,784
Franco Dominguez;;FW;Estudiantes–LP;;;4;1;84;0,9;0;0;0;0;0;0;0;0;0,0;1;0;0,0;1,07;0,0;0,0;;;;;;;;;;;;;;;0;1;2;0;1;1;0;;;0;0,0;0,0;1,111;1,111;0,0;1,111;1,111
Franco Escobar;ar ARG;DF;Newell's;31-177;1995,0;5;3;282;3,1;0;0;0;0;0;0;1;0;0,0;0;0;;0,0;0,0;;;;;;;;;;;;;;;;0;4;6;1;2;3;7;;;0;0,0;0,0;0,0;0,968;2,258;0,645;1,29
Franco Fragapane;ar ARG;MF;Unión;33-192;1993,0;6;3;191;2,1;0;0;0;0;0;0;0;0;0,0;4;2;50,0;1,88;0,94;0,0;0,0;;;;;;;;;;;;;;0;4;4;0;10;1;0;;;0;0,0;0,0;1,905;0,476;0,0;4,762;1,905
Franco García;ar ARG;MFFW;Newell's;29-074;1997,0;8;2;224;2,5;1;0;1;1;0;0;0;0;0,4;4;1;25,0;1,61;0,4;0,25;1,0;;;;;;;;;;;;;;0;1;2;1;19;0;2;;;0;0,4;0,0;1,6;0,0;0,8;7,6;0,4
Franco Ibarra;ar ARG;MF;Rosario Central;25-111;2001,0;18;17;1550;17,2;0;0;0;0;0;0;7;0;0,0;11;1;9,1;0,64;0,06;0,0;0,0;;;;;;;;;;;;;;0;30;56;0;15;29;50;;;0;0,0;0,0;0,64;1,686;2,907;0,872;1,744
Franco Jara;ar ARG;FW;Instituto;38-033;1988,0;11;8;710;7,9;1;0;1;0;1;2;2;0;0,0;18;6;33,3;2,28;0,76;0,05;0,13;;;;;;;;;;;;;;0;13;15;2;3;2;4;;;0;0,127;0,0;2,278;0,253;0,506;0,38;1,646
Franco Leys;ar ARG;MF;Aldosivi;32-303;1993,0;11;4;504;5,6;0;0;0;0;0;0;1;0;0,0;2;1;50,0;0,36;0,18;0,0;0,0;;;;;;;;;;;;;;0;7;8;0;4;8;6;;;0;0,0;0,0;0,357;1,429;1,071;0,714;1,25
Franco Lorenzón;ar ARG;DF;CA San Lorenzo;25-151;2001,0;3;3;270;3,0;0;0;0;0;0;0;2;0;0,0;3;1;33,3;1,0;0,33;0,0;0,0;;;;;;;;;;;;;;0;3;0;0;0;4;4;;;0;0,0;0,0;1,0;1,333;1,333;0,0;1,0
Franco Minerva;ar ARG;MF;Platense;20-078;2006,0;1;0;26;0,3;0;0;0;0;0;0;0;0;0,0;0;0;;0,0;0,0;;;;;;;;;;;;;;;;0;1;0;0;3;0;1;;;0;0,0;0,0;0,0;0,0;3,333;10,0;3,333
Franco Moyano;ar ARG;MF;Instituto;28-338;1997,0;3;2;129;1,4;0;0;0;0;0;0;1;0;0,0;0;0;;0,0;0,0;;;;;;;;;;;;;;;;0;1;0;0;0;0;1;;;0;0,0;0,0;0,0;0,0;0,714;0,0;0,714
Franco Nicola;uy URU;MFFW;Atlé Tucumán;24-121;2002,0;18;14;1174;13,0;2;1;3;2;0;0;1;0;0,23;23;7;30,4;1,76;0,54;0,09;0,29;;;;;;;;;;;;;;0;22;23;0;58;5;15;;;0;0,154;0,077;1,769;0,385;1,154;4,462;1,692
Franco Orozco;ar ARG;FWMF;Newell's;24-220;2002,0;3;0;75;0,8;0;0;0;0;0;0;0;0;0,0;0;0;;0,0;0,0;;;;;;;;;;;;;;;;0;0;3;0;4;0;3;;;0;0,0;0,0;0,0;0,0;3,75;5,0;0,0
Franco Pardo;ar ARG;DF;Racing Club;29-134;1997,0;12;7;742;8,2;0;0;0;0;0;0;3;0;0,0;3;1;33,3;0,36;0,12;0,0;0,0;;;;;;;;;;;;;;0;6;6;0;0;7;5;;;0;0,0;0,0;0,366;0,854;0,61;0,0;0,732
Franco Paredes;ar ARG;DF;Arg Juniors;27-152;1999,0;2;2;108;1,2;0;0;0;0;0;0;1;0;0,0;1;0;0,0;0,83;0,0;0,0;;;;;;;;;;;;;;;0;1;2;0;2;2;0;;;0;0,0;0,0;0,833;1,667;0,0;1,667;0,833
Franco Petroli;ar ARG;GK;Lanús;28-067;1998,0;2;2;180;2,0;0;0;0;0;0;0;0;0;0,0;0;0;;0,0;0,0;;;1,0;0,5;8,0;7,0;87,5;0,0;2,0;0,0;1,0;50,0;0,0;0,0;0,0;0;0;0;0;0;0;0;;;0;0,0;0,0;0,0;0,0;0,0;0,0;0,0
Franco Saavedra;ar ARG;DF;Gimnasia–M;22-349;2003,0;13;13;1024;11,4;0;1;1;0;0;0;2;2;0,09;10;1;10,0;0,88;0,09;0,0;0,0;;;;;;;;;;;;;;0;19;18;0;32;14;14;;;0;0,0;0,088;0,877;1,228;1,228;2,807;1,667
Franco Torres;ar ARG;MF;Gimnasia–LP;27-084;1999,0;18;5;605;6,7;3;0;3;3;0;0;4;0;0,45;17;7;41,2;2,53;1,04;0,18;0,43;;;;;;;;;;;;;;0;9;9;5;11;1;7;;;0;0,448;0,0;2,537;0,149;1,045;1,642;1,343
Franco Vázquez;ar ARG;DF;Arg Juniors;21-227;2005,0;3;3;270;3,0;0;0;0;0;0;0;0;0;0,0;5;2;40,0;1,67;0,67;0,0;0,0;;;;;;;;;;;;;;0;2;1;0;0;7;4;;;0;0,0;0,0;1,667;2,333;1,333;0,0;0,667
Franco Vázquez;ar ARG;MF;Belgrano;37-176;1989,0;18;16;1323;14,7;2;1;3;2;0;0;4;1;0,2;23;5;21,7;1,56;0,34;0,09;0,4;;;;;;;;;;;;;;0;21;36;5;18;11;23;;;0;0,136;0,068;1,565;0,748;1,565;1,224;1,429
Franco Watson;ar ARG;MFFW;Lanús;26-228;2000,0;13;7;523;5,8;0;0;0;0;0;0;1;0;0,0;15;4;26,7;2,58;0,69;0,0;0,0;;;;;;;;;;;;;;0;6;12;0;8;1;4;;;0;0,0;0,0;2,586;0,172;0,69;1,379;1,034
Franco Zapiola;ar ARG;MF;Platense;25-179;2001,0;19;15;1219;13,5;2;0;2;2;0;0;3;0;0,15;37;13;35,1;2,73;0,96;0,05;0,15;;;;;;;;;;;;;;0;12;24;3;59;11;6;;;0;0,148;0,0;2,741;0,815;0,444;4,37;0,889
Gabriel Alanís;ar ARG;MFFW;Estudiantes–RC;32-154;1994,0;17;13;1078;12,0;2;0;2;2;0;0;0;1;0,17;23;4;17,4;1,92;0,33;0,09;0,5;;;;;;;;;;;;;;0;10;10;3;35;9;9;;;0;0,167;0,0;1,917;0,75;0,75;2,917;0,833
Gabriel Arias;cl CHI;GK;Newell's;38-338;1987,0;7;7;612;6,8;0;0;0;0;0;0;1;0;0,0;0;0;;0,0;0,0;;;13,0;1,91;33,0;20,0;60,6;0,0;2,0;5,0;0,0;0,0;1,0;0,0;0,0;0;0;0;0;0;0;1;;;0;0,0;0,0;0,0;0,0;0,147;0,0;0,0
Gabriel Báez;ar ARG;DFMF;Talleres–C;31-027;1995,0;9;8;670;7,4;0;0;0;0;0;0;1;0;0,0;3;0;0,0;0,4;0,0;0,0;;;;;;;;;;;;;;;0;7;4;3;24;6;8;;;1;0,0;0,0;0,405;0,811;1,081;3,243;0,946
Gabriel Compagnucci;ar ARG;MFDF;Atlé Tucumán;34-353;1991,0;12;4;387;4,3;0;1;1;0;0;0;1;0;0,23;9;0;0,0;2,09;0,0;0,0;;;;;;;;;;;;;;;0;2;5;1;26;6;1;;;0;0,0;0,233;2,093;1,395;0,233;6,047;0,465
Gabriel Díaz;ar ARG;MFDF;Sarmiento–J;26-120;2000,0;9;5;393;4,4;0;0;0;0;0;0;2;1;0,0;2;1;50,0;0,46;0,23;0,0;0,0;;;;;;;;;;;;;;1;9;2;0;12;2;4;;;0;0,0;0,0;0,455;0,455;0,909;2,727;2,045
Gabriel Florentín;ar ARG;MF;Arg Juniors;27-157;1999,0;7;1;156;1,7;0;1;1;0;0;0;2;0;0,58;0;0;;0,0;0,0;;;;;;;;;;;;;;;;0;5;2;1;7;1;4;;;0;0,0;0,588;0,0;0,588;2,353;4,118;2,941
Gabriel Neves;uy URU;MF;Estudiantes–LP;29-006;1997,0;14;6;571;6,3;0;0;0;0;0;0;2;0;0,0;5;1;20,0;0,79;0,16;0,0;0,0;;;;;;;;;;;;;;0;4;1;0;10;8;19;;;0;0,0;0,0;0,794;1,27;3,016;1,587;0,635
Gabriel Obredor;ar ARG;FW;Dep. Riestra;29-223;1997,0;16;2;543;6,0;0;0;0;0;0;0;2;0;0,0;11;3;27,3;1,82;0,5;0,0;0,0;;;;;;;;;;;;;;0;17;8;7;21;3;6;;;0;0,0;0,0;1,833;0,5;1,0;3,5;2,833
Gabriel Risso Patrón;ar ARG;DF;Newell's;30-285;1995,0;4;3;285;3,2;0;0;0;0;0;0;0;0;0,0;0;0;;0,0;0,0;;;;;;;;;;;;;;;;0;1;2;0;4;3;0;;;0;0,0;0,0;0,0;0,938;0,0;1,25;0,312
Gabriel Rojas;ar ARG;DFMF;Racing Club;29-056;1997,0;12;12;1080;12,0;1;3;4;1;0;0;2;0;0,33;7;3;42,9;0,58;0,25;0,14;0,33;;;;;;;;;;;;;;0;11;11;2;106;12;9;;;0;0,083;0,25;0,583;1,0;0,75;8,833;0,917
Gabriel Ávalos;py PAR;FW;Independiente;35-309;1990,0;20;20;1772;19,7;10;5;15;8;2;2;2;0;0,66;51;14;27,5;2,59;0,71;0,19;0,63;;;;;;;;;;;;;;0;27;23;9;6;3;5;;;0;0,508;0,254;2,589;0,152;0,254;0,305;1,371
Gaspar Duarte;ar ARG;MFFW;Rosario Central;23-223;2003,0;11;5;415;4,6;0;0;0;0;0;0;1;0;0,0;10;2;20,0;2,17;0,43;0,0;0,0;;;;;;;;;;;;;;0;5;13;0;16;2;3;;;0;0,0;0,0;2,174;0,435;0,652;3,478;1,087
Gaston Arturia;ar ARG;DF;Sarmiento–J;26-292;1999,0;9;5;467;5,2;0;0;0;0;0;0;1;0;0,0;4;1;25,0;0,77;0,19;0,0;0,0;;;;;;;;;;;;;;0;10;4;0;0;7;6;;;0;0,0;0,0;0,769;1,346;1,154;0,0;1,923
Gaston Gonzalez;ar ARG;MF;Sarmiento–J;25-051;2001,0;5;0;76;0,8;0;1;1;0;0;0;0;0;1,18;3;1;33,3;3,55;1,18;0,0;0,0;;;;;;;;;;;;;;0;1;2;1;5;0;0;;;0;0,0;1,25;3,75;0,0;0,0;6,25;1,25
Gastón Benedetti;ar ARG;DF;Estudiantes–LP;25-141;2001,0;17;15;1357;15,1;0;2;2;0;0;0;5;0;0,13;6;0;0,0;0,4;0,0;0,0;;;;;;;;;;;;;;;0;17;6;0;38;16;20;;;0;0,0;0,132;0,397;1,06;1,325;2,517;1,126
Gastón Campi;ar ARG;DF;Barracas Central;35-133;1991,0;9;7;654;7,3;0;0;0;0;0;0;2;0;0,0;1;0;0,0;0,14;0,0;0,0;;;;;;;;;;;;;;;0;11;0;1;1;18;7;;;0;0,0;0,0;0,137;2,466;0,959;0,137;1,507
Gastón Hernández;ar ARG;DF;CA San Lorenzo;28-210;1998,0;9;9;798;8,9;0;0;0;0;0;0;2;0;0,0;2;0;0,0;0,23;0,0;0,0;;;;;;;;;;;;;;;0;8;10;0;1;18;17;;;0;0,0;0,0;0,225;2,022;1,91;0,112;0,899
Gastón Lodico;ar ARG;MF;Instituto;28-081;1998,0;15;14;1110;12,3;0;2;2;0;0;0;1;0;0,16;11;4;36,4;0,89;0,32;0,0;0,0;;;;;;;;;;;;;;0;5;16;0;89;9;10;;;0;0,0;0,163;0,894;0,732;0,813;7,236;0,407
Gastón Lodico;ar ARG;MF;Racing Club;28-081;1998,0;1;0;31;0,3;0;0;0;0;0;0;0;0;0,0;1;0;0,0;2,9;0,0;0,0;;;;;;;;;;;;;;;0;0;1;0;2;0;1;;;0;0,0;0,0;3,333;0,0;3,333;6,667;0,0
Gastón Martirena;uy URU;MFDF;Racing Club;26-224;2000,0;6;4;337;3,7;0;0;0;0;0;0;0;0;0,0;3;1;33,3;0,8;0,27;0,0;0,0;;;;;;;;;;;;;;0;7;4;2;23;5;5;;;0;0,0;0,0;0,811;1,351;1,351;6,216;1,892
Gastón Suso;ar ARG;DF;Atlé Tucumán;35-158;1991,0;16;16;1417;15,7;0;0;0;0;0;0;2;0;0,0;6;1;16,7;0,38;0,06;0,0;0,0;;;;;;;;;;;;;;0;11;8;1;0;20;16;;;0;0,0;0,0;0,382;1,274;1,019;0,0;0,701
Gastón Togni;ar ARG;MF;Platense;28-331;1997,0;2;1;91;1,0;0;0;0;0;0;0;0;0;0,0;0;0;;0,0;0,0;;;;;;;;;;;;;;;;0;2;1;0;2;2;0;;;0;0,0;0,0;0,0;2,0;0,0;2,0;2,0
Gastón Verón;ar ARG;FW;Arg Juniors;25-116;2001,0;4;4;243;2,7;1;0;1;1;0;0;0;0;0,37;12;4;33,3;4,44;1,48;0,08;0,25;;;;;;;;;;;;;;0;5;3;1;3;0;1;;;0;0,37;0,0;4,444;0,0;0,37;1,111;1,852
Gastón Ávila;ar ARG;DF;Rosario Central;24-321;2001,0;14;12;1099;12,2;1;2;3;1;0;0;1;0;0,25;8;2;25,0;0,66;0,16;0,13;0,5;;;;;;;;;;;;;;0;4;12;0;4;16;19;;;0;0,082;0,164;0,656;1,311;1,557;0,328;0,328
Germán Conti;ar ARG;DF;Gimnasia–LP;32-075;1994,0;4;3;240;2,7;0;0;0;0;0;0;2;1;0,0;0;0;;0,0;0,0;;;;;;;;;;;;;;;;1;4;1;0;0;6;2;;;0;0,0;0,0;0,0;2,222;0,741;0,0;1,481
Germán Guiffrey;ar ARG;DF;Gimnasia–M;28-229;1997,0;2;1;123;1,4;0;0;0;0;0;0;1;0;0,0;0;0;;0,0;0,0;;;;;;;;;;;;;;;;0;2;2;0;0;5;2;;;0;0,0;0,0;0,0;3,571;1,429;0,0;1,429
Germán Pezzella;ar ARG;DF;River Plate;35-051;1991,0;2;1;135;1,5;0;0;0;0;0;0;0;0;0,0;1;0;0,0;0,67;0,0;0,0;;;;;;;;;;;;;;;0;1;1;0;0;1;1;;;0;0,0;0,0;0,667;0,667;0,667;0,0;0,667
Gerónimo Patritti;ar ARG;DF;Gimnasia–M;23-215;2003,0;1;0;12;0,1;0;0;0;0;0;0;0;0;0,0;0;0;;0,0;0,0;;;;;;;;;;;;;;;;0;0;0;0;0;1;1;;;0;0,0;0,0;0,0;10,0;10,0;0,0;0,0
Gianluca Ferrari;ar ARG;DF;Atlé Tucumán;29-048;1997,0;9;8;722;8,0;0;0;0;0;0;0;2;0;0,0;8;1;12,5;1,0;0,12;0,0;0,0;;;;;;;;;;;;;;0;12;6;1;3;11;5;;;0;0,0;0,0;1,0;1,375;0,625;0,375;1,5
Gino Infantino;ar ARG;MF;Arg Juniors;23-090;2003,0;2;0;36;0,4;0;0;0;0;0;0;0;0;0,0;1;1;100,0;2,5;2,5;0,0;0,0;;;;;;;;;;;;;;0;0;0;0;0;0;1;;;0;0,0;0,0;2,5;0,0;2,5;0,0;0,0
Gino Santilli;ar ARG;GK;Banfield;24-295;2001,0;1;1;90;1,0;0;0;0;0;0;0;0;0;0,0;0;0;;0,0;0,0;;;0,0;0,0;2,0;2,0;100,0;1,0;0,0;0,0;1,0;100,0;0,0;0,0;0,0;0;0;0;0;0;0;0;;;0;0,0;0,0;0,0;0,0;0,0;0,0;0,0
Giovanni Baroni;ar ARG;MFFW;Talleres–C;17-208;2009,0;14;9;746;8,3;0;3;3;0;0;0;1;0;0,36;17;5;29,4;2,05;0,6;0,0;0,0;;;;;;;;;;;;;;0;9;10;0;58;2;10;;;0;0,0;0,361;2,048;0,241;1,205;6,988;1,084
Giovanni Cantizano;ar ARG;MF;Rosario Central;19-149;2007,0;5;4;336;3,7;0;0;0;0;0;0;1;0;0,0;10;5;50,0;2,68;1,34;0,0;0,0;;;;;;;;;;;;;;0;3;5;0;11;0;5;;;0;0,0;0,0;2,703;0,0;1,351;2,973;0,811
Giovanni González;uy URU;DF;River Plate;31-331;1994,0;1;0;40;0,4;0;0;0;0;0;0;0;0;0,0;0;0;;0,0;0,0;;;;;;;;;;;;;;;;0;1;0;0;0;1;2;;;0;0,0;0,0;0,0;2,5;5,0;0,0;2,5
Giuliano Cerato;ar ARG;MFDF;Instituto;28-068;1998,0;21;21;1875;20,8;3;1;4;3;0;0;6;0;0,19;15;8;53,3;0,72;0,38;0,2;0,38;;;;;;;;;;;;;;0;22;6;2;115;17;26;;;0;0,144;0,048;0,721;0,817;1,25;5,529;1,058
Giuliano Galoppo;ar ARG;MF;River Plate;27-060;1999,0;9;2;335;3,7;1;0;1;1;0;0;1;0;0,27;12;3;25,0;3,22;0,81;0,08;0,33;;;;;;;;;;;;;;0;7;8;0;3;2;1;;;0;0,27;0,0;3,243;0,541;0,27;0,811;1,892
Gonzalo Abrego;ar ARG;MF;CA San Lorenzo;26-222;2000,0;11;6;510;5,7;0;0;0;0;0;0;1;0;0,0;5;3;60,0;0,88;0,53;0,0;0,0;;;;;;;;;;;;;;0;8;5;0;10;3;3;;;0;0,0;0,0;0,877;0,526;0,526;1,754;1,404
Gonzalo Alassia;ar ARG;MF;CA San Lorenzo;22-185;2004,0;2;2;90;1,0;0;0;0;0;0;0;0;0;0,0;0;0;;0,0;0,0;;;;;;;;;;;;;;;;0;2;2;0;1;2;1;;;0;0,0;0,0;0,0;2,0;1,0;1,0;2,0
Gonzalo Errecalde;ar ARG;DF;Gimnasia–LP;26-140;2000,0;3;3;194;2,2;0;0;0;0;0;0;1;0;0,0;1;0;0,0;0,46;0,0;0,0;;;;;;;;;;;;;;;0;1;0;0;0;0;3;;;0;0,0;0,0;0,455;0,0;1,364;0,0;0,455
Gonzalo Escudero;ar ARG;DF;Racing Club;19-138;2007,0;2;1;107;1,2;0;0;0;0;0;0;0;0;0,0;0;0;;0,0;0,0;;;;;;;;;;;;;;;;0;3;0;0;1;3;3;;;0;0,0;0,0;0,0;2,5;2,5;0,833;2,5
Gonzalo Flores;ar ARG;MF;Dep. Riestra;24-176;2002,0;5;2;154;1,7;0;0;0;0;0;0;3;0;0,0;3;0;0,0;1,75;0,0;0,0;;;;;;;;;;;;;;;0;3;4;1;1;2;2;;;0;0,0;0,0;1,765;1,176;1,176;0,588;1,765
Gonzalo Gelini;ar ARG;FW;Boca Juniors;19-245;2006,0;5;2;186;2,1;0;1;1;0;0;0;0;0;0,48;3;0;0,0;1,45;0,0;0,0;;;;;;;;;;;;;;;0;5;3;0;5;2;0;;;0;0,0;0,476;1,429;0,952;0,0;2,381;2,381
Gonzalo González;ar ARG;MF;Estudiantes–RC;31-164;1995,0;4;4;325;3,6;0;0;0;0;0;0;1;0;0,0;1;0;0,0;0,28;0,0;0,0;;;;;;;;;;;;;;;0;7;5;0;5;7;5;;;0;0,0;0,0;0,278;1,944;1,389;1,389;1,944
Gonzalo González;ar ARG;FW;Gimnasia–LP;31-164;1995,0;1;0;3;0,0;0;0;0;0;0;0;0;0;0,0;0;0;;0,0;0,0;;;;;;;;;;;;;;;;0;0;0;0;0;0;0;;;0;;;;;;;
Gonzalo Lencina;ar ARG;FW;Platense;28-303;1997,0;11;6;514;5,7;0;0;0;0;0;0;1;0;0,0;16;6;37,5;2,8;1,05;0,0;0,0;;;;;;;;;;;;;;0;7;11;5;1;0;5;;;0;0,0;0,0;2,807;0,0;0,877;0,175;1,228
Gonzalo Maffini;ar ARG;DF;Estudiantes–RC;33-212;1993,0;15;15;1349;15,0;0;1;1;0;0;0;3;1;0,07;7;2;28,6;0,47;0,13;0,0;0,0;;;;;;;;;;;;;;0;15;10;0;1;25;10;;;0;0,0;0,067;0,467;1,667;0,667;0,067;1,0
Gonzalo Maroni;ar ARG;MFFW;Barracas Central;27-152;1999,0;15;4;610;6,8;2;0;2;2;0;0;4;0;0,3;14;5;35,7;2,07;0,74;0,14;0,4;;;;;;;;;;;;;;0;13;13;1;12;3;7;;;0;0,294;0,0;2,059;0,441;1,029;1,765;1,912
Gonzalo Montiel;ar ARG;DF;River Plate;29-228;1997,0;19;19;1669;18,5;5;1;6;3;2;2;4;0;0,22;19;6;31,6;1,02;0,32;0,24;0,63;;;;;;;;;;;;;;0;11;19;7;42;23;17;;;0;0,27;0,054;1,027;1,243;0,919;2,27;0,595
Gonzalo Morales;ar ARG;FW;Barracas Central;23-166;2003,0;12;7;618;6,9;2;0;2;2;0;0;1;0;0,29;14;5;35,7;2,04;0,73;0,14;0,4;;;;;;;;;;;;;;0;8;9;2;2;3;1;;;0;0,29;0,0;2,029;0,435;0,145;0,29;1,159
Gonzalo Piñeiro;ar ARG;MF;Tigre;25-318;2000,0;7;4;319;3,5;0;0;0;0;0;0;3;0;0,0;1;1;100,0;0,28;0,28;0,0;0,0;;;;;;;;;;;;;;0;15;3;0;2;5;4;;;0;0,0;0,0;0,286;1,429;1,143;0,571;4,286
Gonzalo Pérez;uy URU;DF;Lanús;25-225;2001,0;10;5;511;5,7;0;1;1;0;0;0;1;0;0,18;2;1;50,0;0,35;0,18;0,0;0,0;;;;;;;;;;;;;;0;6;3;0;16;3;6;;;0;0,0;0,175;0,351;0,526;1,053;2,807;1,053
Gonzalo Requena;ar ARG;DF;Tigre;23-166;2003,0;2;1;82;0,9;0;0;0;0;0;0;2;1;0,0;0;0;;0,0;0,0;;;;;;;;;;;;;;;;1;2;2;0;0;0;2;;;0;0,0;0,0;0,0;0,0;2,222;0,0;2,222
Gonzalo Ríos;ar ARG;MF;Ind. Rivadavia;27-202;1999,0;20;13;1021;11,3;1;2;3;1;0;0;1;0;0,26;13;5;38,5;1,15;0,44;0,08;0,2;;;;;;;;;;;;;;0;13;17;0;46;8;8;;;0;0,088;0,177;1,15;0,708;0,708;4,071;1,15
Gonzalo Sosa;ar ARG;FW;Racing Club;21-165;2005,0;3;1;96;1,1;0;0;0;0;0;0;0;0;0,0;2;0;0,0;1,87;0,0;0,0;;;;;;;;;;;;;;;0;2;0;0;0;0;2;;;0;0,0;0,0;1,818;0,0;1,818;0,0;1,818
Gonzalo Zelarayán;ar ARG;FW;Belgrano;22-111;2004,0;3;0;29;0,3;0;0;0;0;0;0;0;0;0,0;0;0;;0,0;0,0;;;;;;;;;;;;;;;;0;0;0;0;4;0;0;;;0;0,0;0,0;0,0;0,0;0,0;13,333;0,0
Gregorio Rodríguez;ar ARG;MFFW;CA San Lorenzo;26-212;2000,0;13;6;564;6,3;2;1;3;2;0;0;0;0;0,48;5;3;60,0;0,8;0,48;0,4;0,67;;;;;;;;;;;;;;0;8;2;2;25;6;11;;;0;0,317;0,159;0,794;0,952;1,746;3,968;1,27
Guido Carrillo;ar ARG;FW;Estudiantes–LP;35-084;1991,0;15;13;1180;13,1;2;2;4;2;0;1;0;0;0,31;42;22;52,4;3,2;1,68;0,05;0,09;;;;;;;;;;;;;;0;14;12;3;0;2;3;;;0;0,153;0,153;3,206;0,153;0,229;0,0;1,069
Guido Herrera;ar ARG;GK;Talleres–C;34-169;1992,0;16;16;1440;16,0;0;0;0;0;0;0;2;0;0,0;0;0;;0,0;0,0;;;13,0;0,81;59,0;46,0;78,0;7,0;5,0;4,0;6,0;37,5;1,0;0,0;0,0;0;0;6;0;0;0;0;;;0;0,0;0,0;0,0;0,0;0,0;0,0;0,0
Guido Mainero;ar ARG;MFFW;Platense;31-147;1995,0;21;19;1476;16,4;1;0;1;1;0;0;3;0;0,06;17;6;35,3;1,04;0,37;0,06;0,17;;;;;;;;;;;;;;0;18;20;4;99;7;12;;;0;0,061;0,0;1,037;0,427;0,732;6,037;1,098
Guillermo Enrique;ar ARG;DF;Aldosivi;26-174;2000,0;7;2;287;3,2;0;0;0;0;0;0;1;0;0,0;4;0;0,0;1,25;0,0;0,0;;;;;;;;;;;;;;;0;1;4;0;25;5;5;;;0;0,0;0,0;1,25;1,562;1,562;7,812;0,312
Guillermo Soto;cl CHI;DF;Tigre;32-219;1994,0;6;4;388;4,3;0;0;0;0;0;0;0;0;0,0;3;0;0,0;0,7;0,0;0,0;;;;;;;;;;;;;;;0;6;1;0;23;1;4;;;0;0,0;0,0;0,698;0,233;0,93;5,349;1,395
Gustavo Abregú;ar ARG;MF;Instituto;29-044;1997,0;19;17;1491;16,6;0;1;1;0;0;0;1;0;0,06;6;1;16,7;0,36;0,06;0,0;0,0;;;;;;;;;;;;;;0;12;8;2;1;22;14;;;0;0,0;0,06;0,361;1,325;0,843;0,06;0,723
Gustavo Del Prete;ar ARG;FWMF;CA San Lorenzo;30-066;1996,0;3;0;119;1,3;0;0;0;0;0;0;0;0;0,0;1;0;0,0;0,76;0,0;0,0;;;;;;;;;;;;;;;0;2;4;1;2;0;1;;;0;0,0;0,0;0,769;0,0;0,769;1,538;1,538
Guzmán Corujo;uy URU;DF;CA San Lorenzo;30-015;1996,0;4;2;194;2,2;0;0;0;0;0;0;0;0;0,0;1;0;0,0;0,46;0,0;0,0;;;;;;;;;;;;;;;0;2;1;0;1;1;2;;;0;0,0;0,0;0,455;0,455;0,909;0,455;0,909
Hernán De La Fuente;ar ARG;DF;Instituto;29-222;1997,0;2;0;49;0,5;0;0;0;0;0;0;0;0;0,0;1;1;100,0;1,84;1,84;0,0;0,0;;;;;;;;;;;;;;0;1;1;0;2;0;1;;;0;0,0;0,0;2,0;0,0;2,0;4,0;2,0
Hernán Galíndez;ec ECU;GK;Huracán;39-140;1987,0;20;20;1800;20,0;0;0;0;0;0;0;0;0;0,0;0;0;;0,0;0,0;;;17,0;0,85;61,0;44,0;72,1;7,0;7,0;6,0;9,0;45,0;2,0;2,0;0,0;0;0;2;0;0;0;0;;;0;0,0;0,0;0,0;0,0;0,0;0,0;0,0
Hernán López Muñoz;ar ARG;FWMF;Arg Juniors;25-344;2000,0;16;13;1017;11,3;4;3;7;4;0;0;0;1;0,62;35;14;40,0;3,1;1,24;0,11;0,29;;;;;;;;;;;;;;0;15;31;5;43;4;14;;;0;0,354;0,265;3,097;0,354;1,239;3,805;1,327
Horacio Tijanovich;ar ARG;MFFW;C. Córdoba–SdE;30-170;1996,0;17;10;856;9,5;0;2;2;0;0;0;4;0;0,21;11;7;63,6;1,16;0,74;0,0;0,0;;;;;;;;;;;;;;0;13;28;4;27;7;6;;;0;0,0;0,211;1,158;0,737;0,632;2,842;1,368
Hugo Nervo;ar ARG;DF;Huracán;35-223;1991,0;11;6;596;6,6;1;0;1;1;0;0;1;0;0,15;3;2;66,7;0,45;0,3;0,33;0,5;;;;;;;;;;;;;;0;1;0;1;1;8;5;;;0;0,152;0,0;0,455;1,212;0,758;0,152;0,152
Héctor Bobadilla;py PAR;FW;Platense;25-070;2001,0;3;0;72;0,8;1;0;1;1;0;0;0;0;1,25;4;2;50,0;5,0;2,5;0,25;0,5;;;;;;;;;;;;;;0;2;2;0;0;0;3;;;0;1,25;0,0;5,0;0,0;3,75;0,0;2,5
Héctor David Martínez;py PAR;DF;Defensa;28-208;1998,0;14;14;1109;12,3;0;1;1;0;0;0;5;0;0,08;13;1;7,7;1,06;0,08;0,0;0,0;;;;;;;;;;;;;;0;19;6;0;4;24;19;;;0;0,0;0,081;1,057;1,951;1,545;0,325;1,545
Ian Subiabre;ar ARG;MF;River Plate;19-228;2007,0;16;9;753;8,4;1;2;3;1;0;0;2;0;0,36;18;6;33,3;2,15;0,72;0,06;0,17;;;;;;;;;;;;;;0;19;13;0;43;6;4;;;0;0,119;0,238;2,143;0,714;0,476;5,119;2,262
Ian Subiabre;ar ARG;FW;Tigre;19-228;2007,0;1;0;32;0,4;0;0;0;0;0;0;0;0;0,0;1;0;0,0;2,81;0,0;0,0;;;;;;;;;;;;;;;0;0;1;0;3;0;0;;;0;0,0;0,0;2,5;0,0;0,0;7,5;0,0
Ibrahim Hesar;sy SYR;FW;Estudiantes–RC;32-275;1993,0;2;0;57;0,6;0;0;0;0;0;0;1;0;0,0;0;0;;0,0;0,0;;;;;;;;;;;;;;;;0;2;3;1;1;0;0;;;0;0,0;0,0;0,0;0,0;0,0;1,667;3,333
Ignacio Abraham;sy SYR;DFMF;Banfield;28-217;1998,0;21;20;1824;20,3;0;4;4;0;0;0;1;0;0,2;12;5;41,7;0,59;0,25;0,0;0,0;;;;;;;;;;;;;;0;10;16;1;109;10;28;;;0;0,0;0,197;0,591;0,493;1,379;5,369;0,493
Ignacio Arce;ar ARG;GK;Dep. Riestra;34-131;1992,0;21;21;1890;21,0;0;0;0;0;0;0;4;0;0,0;1;0;0,0;0,05;0,0;0,0;;17,0;0,81;84,0;67,0;79,8;3,0;8,0;10,0;8,0;38,1;3,0;0,0;0,0;0;1;6;0;1;1;0;;;0;0,0;0,0;0,048;0,048;0,0;0,048;0,048
Ignacio Campo;ar ARG;DF;Huracán;21-140;2005,0;9;7;603;6,7;1;1;2;1;0;0;4;0;0,3;5;2;40,0;0,75;0,3;0,2;0,5;;;;;;;;;;;;;;0;9;7;0;8;9;6;;;0;0,149;0,149;0,746;1,343;0,896;1,194;1,343
Ignacio Charparin;ar ARG;FWMF;Gimnasia–M;27-027;1999,0;9;5;503;5,6;0;2;2;0;0;0;0;0;0,36;7;2;28,6;1,25;0,36;0,0;0,0;;;;;;;;;;;;;;0;12;18;1;10;0;4;;;0;0,0;0,357;1,25;0,0;0,714;1,786;2,143
Ignacio Chicco;ar ARG;GK;Aldosivi;30-048;1996,0;4;4;360;4,0;0;0;0;0;0;0;0;0;0,0;0;0;;0,0;0,0;;;5,0;1,25;18,0;13,0;72,2;0,0;2,0;2,0;0,0;0,0;0,0;0,0;0,0;0;0;0;0;0;0;1;;;0;0,0;0,0;0,0;0,0;0,25;0,0;0,0
Ignacio Fernández;ar ARG;MFFW;Gimnasia–LP;36-217;1990,0;19;19;1518;16,9;2;2;4;2;0;0;8;0;0,24;25;9;36,0;1,48;0,53;0,08;0,22;;;;;;;;;;;;;;0;28;62;0;51;9;20;;;0;0,118;0,118;1,479;0,533;1,183;3,018;1,657
Ignacio Galván;ar ARG;DF;Atlé Tucumán;23-345;2002,0;16;12;1153;12,8;0;0;0;0;0;0;2;0;0,0;9;3;33,3;0,7;0,23;0,0;0,0;;;;;;;;;;;;;;0;13;13;0;27;10;17;;;0;0,0;0,0;0,703;0,781;1,328;2,109;1,016
Ignacio Gariglio;ar ARG;DF;Dep. Riestra;28-114;1998,0;3;1;120;1,3;0;0;0;0;0;0;1;0;0,0;2;0;0,0;1,5;0,0;0,0;;;;;;;;;;;;;;;0;2;0;0;0;1;1;;;0;0,0;0,0;1,538;0,769;0,769;0,0;1,538
Ignacio Miramon;ar ARG;MF;Gimnasia–LP;23-066;2003,0;16;14;1159;12,9;0;0;0;0;0;0;6;0;0,0;9;3;33,3;0,7;0,23;0,0;0,0;;;;;;;;;;;;;;0;22;26;0;14;16;24;;;0;0,0;0,0;0,698;1,24;1,86;1,085;1,705
Ignacio Ovando;ar ARG;DF;Rosario Central;19-049;2007,0;16;16;1440;16,0;1;0;1;1;0;0;1;0;0,06;8;1;12,5;0,5;0,06;0,13;1,0;;;;;;;;;;;;;;0;12;23;0;0;41;11;;;0;0,062;0,0;0,5;2,562;0,688;0,0;0,75
Ignacio Pais;ar ARG;MF;Banfield;26-079;2000,0;17;14;1172;13,0;0;0;0;0;0;0;3;0;0,0;17;4;23,5;1,31;0,31;0,0;0,0;;;;;;;;;;;;;;0;32;10;1;7;17;28;;;0;0,0;0,0;1,308;1,308;2,154;0,538;2,462
Ignacio Peluffo;;DF;Tigre;;;3;1;100;1,1;0;0;0;0;0;0;0;0;0,0;1;0;0,0;0,9;0,0;0,0;;;;;;;;;;;;;;;0;1;3;1;3;1;1;;;0;0,0;0,0;0,909;0,909;0,909;2,727;0,909
Ignacio Perruzzi;ar ARG;MF;CA San Lorenzo;21-134;2005,0;14;10;924;10,3;0;0;0;0;0;0;3;0;0,0;3;2;66,7;0,29;0,19;0,0;0,0;;;;;;;;;;;;;;0;21;29;0;0;9;14;;;0;0,0;0,0;0,291;0,874;1,359;0,0;2,039
Ignacio Pussetto;ar ARG;FWMF;Huracán;30-239;1995,0;2;0;70;0,8;0;0;0;0;0;0;1;0;0,0;2;0;0,0;2,57;0,0;0,0;;;;;;;;;;;;;;;0;1;2;0;1;0;2;;;0;0,0;0,0;2,5;0,0;2,5;1,25;1,25
Ignacio Pussetto;ar ARG;MF;Independiente;30-239;1995,0;10;5;417;4,6;1;0;1;1;0;0;1;0;0,22;10;2;20,0;2,16;0,43;0,1;0,5;;;;;;;;;;;;;;0;13;6;2;14;1;8;;;0;0,217;0,0;2,174;0,217;1,739;3,043;2,826
Ignacio Rodríguez;ar ARG;DF;Racing Club;24-176;2002,0;6;4;399;4,4;0;0;0;0;0;0;2;0;0,0;4;0;0,0;0,9;0,0;0,0;;;;;;;;;;;;;;;0;6;8;1;17;9;9;;;0;0,0;0,0;0,909;2,045;2,045;3,864;1,364
Ignacio Russo;ar ARG;FW;Tigre;25-247;2000,0;21;19;1735;19,3;6;3;9;6;0;0;3;0;0,47;45;18;40,0;2,33;0,93;0,13;0,33;;;;;;;;;;;;;;0;25;35;4;39;7;11;;;0;0,311;0,155;2,332;0,363;0,57;2,021;1,295
Ignacio Vázquez;ar ARG;DF;Platense;29-063;1997,0;16;16;1440;16,0;1;0;1;0;1;1;3;0;0,0;11;4;36,4;0,69;0,25;0,08;0,2;;;;;;;;;;;;;;0;9;20;0;3;26;25;;;1;0,062;0,0;0,688;1,625;1,562;0,188;0,562
Iker Zufiaurre;ar ARG;FW;Boca Juniors;21-010;2005,0;9;2;218;2,4;1;0;1;1;0;0;1;0;0,41;4;1;25,0;1,65;0,41;0,25;1,0;;;;;;;;;;;;;;0;5;1;2;2;0;2;;;0;0,417;0,0;1,667;0,0;0,833;0,833;2,083
Imanol González Benac;ar ARG;DF;Gimnasia–M;28-223;1998,0;7;7;577;6,4;0;0;0;0;0;0;0;0;0,0;2;0;0,0;0,31;0,0;0,0;;;;;;;;;;;;;;;0;5;6;2;0;12;3;;;0;0,0;0,0;0,312;1,875;0,469;0,0;0,781
Imanol Machuca;my MAS;MF;Vélez Sarsfield;26-214;2000,0;4;2;154;1,7;0;0;0;0;0;0;1;0;0,0;1;0;0,0;0,58;0,0;0,0;;;;;;;;;;;;;;;0;1;3;0;6;1;0;;;0;0,0;0,0;0,588;0,588;0,0;3,529;0,588
Ismael Cortéz;ar ARG;DF;Gimnasia–M;24-228;2002,0;6;2;266;3,0;0;0;0;0;0;0;1;0;0,0;2;1;50,0;0,68;0,34;0,0;0,0;;;;;;;;;;;;;;0;5;2;0;3;3;4;;;0;0,0;0,0;0,667;1,0;1,333;1,0;1,667
Iván Arboleda;co COL;GK;Sarmiento–J;30-118;1996,0;2;2;180;2,0;0;0;0;0;0;0;0;0;0,0;0;0;;0,0;0,0;;;6,0;3,0;13,0;7,0;53,8;0,0;0,0;2,0;0,0;0,0;1,0;0,0;0,0;0;1;1;0;0;1;0;;;0;0,0;0,0;0,0;0,5;0,0;0,0;0,5
Iván Erquiaga;ar ARG;DF;Instituto;28-144;1998,0;2;0;55;0,6;0;0;0;0;0;0;0;0;0,0;0;0;;0,0;0,0;;;;;;;;;;;;;;;;0;0;0;0;3;0;0;;;0;0,0;0,0;0,0;0,0;0,0;5,0;0,0
Iván Guaraz;ar ARG;MF;Barracas Central;21-098;2005,0;11;5;479;5,3;0;0;0;0;0;0;3;0;0,0;4;0;0,0;0,75;0,0;0,0;;;;;;;;;;;;;;;0;8;5;0;1;5;7;;;0;0,0;0,0;0,755;0,943;1,321;0,189;1,509
Iván Gómez;ar ARG;MF;Platense;29-170;1997,0;10;8;673;7,5;0;0;0;0;0;0;1;0;0,0;5;1;20,0;0,67;0,13;0,0;0,0;;;;;;;;;;;;;;0;11;4;0;6;14;8;;;0;0,0;0,0;0,667;1,867;1,067;0,8;1,467
Iván Marcone;ar ARG;MF;Independiente;36-075;1990,0;18;17;1481;16,5;1;0;1;1;0;0;4;0;0,06;13;3;23,1;0,79;0,18;0,08;0,33;;;;;;;;;;;;;;0;22;22;0;3;15;23;;;0;0,061;0,0;0,788;0,909;1,394;0,182;1,333
Iván Morales Bravo;cl CHI;FW;Arg Juniors;27-019;1999,0;13;10;811;9,0;2;1;3;2;0;0;2;0;0,33;12;5;41,7;1,33;0,55;0,17;0,4;;;;;;;;;;;;;;0;15;14;5;11;0;3;;;0;0,222;0,111;1,333;0,0;0,333;1,222;1,667
Iván Tapia;ar ARG;MF;Barracas Central;27-267;1998,0;21;21;1548;17,2;1;2;3;1;0;0;0;0;0,17;22;8;36,4;1,28;0,47;0,05;0,13;;;;;;;;;;;;;;0;9;25;1;56;11;6;;;0;0,058;0,116;1,279;0,64;0,349;3,256;0,523
Iván Villalba;py PAR;DF;Ind. Rivadavia;31-210;1995,0;18;14;1294;14,4;0;0;0;0;0;0;7;0;0,0;8;2;25,0;0,56;0,14;0,0;0,0;;;;;;;;;;;;;;0;15;15;0;1;16;22;;;0;0,0;0,0;0,556;1,111;1,528;0,069;1,042
Jabes Saralegui;ar ARG;MF;Tigre;23-127;2003,0;13;11;817;9,1;0;2;2;0;0;0;1;1;0,22;9;4;44,4;0,99;0,44;0,0;0,0;;;;;;;;;;;;;;0;7;16;0;14;1;9;;;0;0,0;0,22;0,989;0,11;0,989;1,538;0,769
Jalil Elías;sy SYR;MF;Tigre;30-114;1996,0;19;17;1510;16,8;1;0;1;1;0;0;1;0;0,06;8;2;25,0;0,48;0,12;0,13;0,5;;;;;;;;;;;;;;0;7;11;1;8;14;17;;;0;0,06;0,0;0,476;0,833;1,012;0,476;0,417
Jaminton Campaz;co COL;MF;Rosario Central;26-085;2000,0;15;11;1025;11,4;2;4;6;2;0;0;0;0;0,53;45;20;44,4;3,95;1,76;0,04;0,1;;;;;;;;;;;;;;0;12;19;4;100;3;12;;;0;0,175;0,351;3,947;0,263;1,053;8,772;1,053
Jano Gordon;ar ARG;DF;Vélez Sarsfield;22-062;2004,0;3;3;258;2,9;1;0;1;1;0;0;0;0;0,35;2;2;100,0;0,7;0,7;0,5;0,5;;;;;;;;;;;;;;0;6;0;1;5;8;7;;;1;0,345;0,0;0,69;2,759;2,414;1,724;2,069
Javier Burrai;ec ECU;GK;Sarmiento–J;35-312;1990,0;16;16;1440;16,0;0;0;0;0;0;0;3;0;0,0;0;0;;0,0;0,0;;;20,0;1,25;88,0;68,0;77,3;6,0;1,0;9,0;5,0;31,3;1,0;0,0;0,0;0;0;3;0;0;0;1;;;0;0,0;0,0;0,0;0,0;0,062;0,0;0,0
Javier Dominguez;py PAR;MF;Atlé Tucumán;26-083;2000,0;12;9;686;7,6;0;0;0;0;0;0;3;0;0,0;9;1;11,1;1,18;0,13;0,0;0,0;;;;;;;;;;;;;;0;23;11;0;3;15;13;;;0;0,0;0,0;1,184;1,974;1,711;0,395;3,026
Javier Ferreira;py PAR;FW;Estudiantes–RC;34-183;1992,0;15;4;475;5,3;0;0;0;0;0;0;3;0;0,0;14;3;21,4;2,65;0,57;0,0;0,0;;;;;;;;;;;;;;0;8;16;2;3;3;2;;;0;0,0;0,0;2,642;0,566;0,377;0,566;1,509
Javier Vallejos;ar ARG;GK;C. Córdoba–SdE;23-226;2003,0;4;2;313;3,5;0;0;0;0;0;0;0;0;0,0;0;0;;0,0;0,0;;;5,0;1,44;15,0;10,0;66,7;1,0;0,0;1,0;1,0;50,0;0,0;0,0;0,0;0;0;0;0;0;0;0;;;0;0,0;0,0;0,0;0,0;0,0;0,0;0,0
Jeremias Merlo;;MF;Gimnasia–LP;;;7;4;223;2,5;0;0;0;0;0;0;0;0;0,0;4;0;0,0;1,61;0,0;0,0;;;;;;;;;;;;;;;0;1;5;2;10;2;1;;;0;0,0;0,0;1,6;0,8;0,4;4,0;0,4
Jeremías Acosta;ar ARG;FW;Banfield;18-224;2008,0;1;0;6;0,1;0;0;0;0;0;0;0;0;0,0;0;0;;0,0;0,0;;;;;;;;;;;;;;;;0;1;0;0;1;0;0;;;0;0,0;0,0;0,0;0,0;0,0;10,0;10,0
Jeremías Ledesma;ar ARG;GK;Rosario Central;33-185;1993,0;16;16;1440;16,0;0;0;0;0;0;0;0;0;0,0;0;0;;0,0;0,0;;;14,0;0,87;62,0;48,0;77,4;9,0;3,0;4,0;5,0;31,3;0,0;0,0;0,0;0;0;1;0;0;0;0;;;0;0,0;0,0;0,0;0,0;0,0;0,0;0,0
Jeremías Lucco;ar ARG;DF;Belgrano;20-250;2005,0;3;0;48;0,5;0;0;0;0;0;0;0;0;0,0;2;0;0,0;3,75;0,0;0,0;;;;;;;;;;;;;;;0;2;2;0;2;0;5;;;0;0,0;0,0;4,0;0,0;10,0;4,0;4,0
Jeremías Lucco;ar ARG;DF;Defensa;20-250;2005,0;1;0;25;0,3;0;0;0;0;0;0;0;0;0,0;1;0;0,0;3,6;0,0;0,0;;;;;;;;;;;;;;;0;1;1;0;0;0;1;;;0;0,0;0,0;3,333;0,0;3,333;0,0;3,333
Jeremías Lázaro;ar ARG;MF;Instituto;22-050;2004,0;16;1;430;4,8;1;3;4;1;0;0;1;0;0,84;10;1;10,0;2,09;0,21;0,1;1,0;;;;;;;;;;;;;;0;6;9;3;19;4;8;;;0;0,208;0,625;2,083;0,833;1,667;3,958;1,25
Jerónimo Mattar;ar ARG;MF;Newell's;18-010;2008,0;16;8;879;9,8;0;1;1;0;0;0;3;0;0,1;12;4;33,3;1,23;0,41;0,0;0,0;;;;;;;;;;;;;;0;6;28;1;21;7;13;;;0;0,0;0,102;1,224;0,714;1,327;2,143;0,612
Jerónimo Russo;ar ARG;DF;Newell's;21-079;2005,0;17;10;978;10,9;1;2;3;1;0;0;5;1;0,28;9;2;22,2;0,83;0,18;0,11;0,5;;;;;;;;;;;;;;1;13;22;1;47;11;17;;;0;0,092;0,183;0,826;1,009;1,56;4,312;1,193
Jherson Mosquera;co COL;DF;Newell's;26-333;1999,0;1;1;90;1,0;0;0;0;0;0;0;0;0;0,0;0;0;;0,0;0,0;;;;;;;;;;;;;;;;0;0;2;0;0;0;1;;;0;0,0;0,0;0,0;0,0;1,0;0,0;0,0
Jhohan Romaña;co COL;DF;CA San Lorenzo;27-338;1998,0;14;14;1215;13,5;0;0;0;0;0;0;4;0;0,0;5;0;0,0;0,37;0,0;0,0;;;;;;;;;;;;;;;0;10;13;0;2;23;16;;;0;0,0;0,0;0,37;1,704;1,185;0,148;0,741
Jhon Córdoba;co COL;MFFW;Instituto;26-033;2000,0;17;17;1166;13,0;1;0;1;1;0;0;2;0;0,08;18;8;44,4;1,39;0,62;0,06;0,13;;;;;;;;;;;;;;0;28;16;8;41;7;19;;;0;0,077;0,0;1,385;0,538;1,462;3,154;2,154
Jhon Rentería;co COL;MFFW;Sarmiento–J;20-297;2005,0;9;4;410;4,6;0;1;1;0;0;0;3;0;0,22;10;5;50,0;2,2;1,1;0,0;0,0;;;;;;;;;;;;;;0;4;16;0;19;0;6;;;0;0,0;0,217;2,174;0,0;1,304;4,13;0,87
Jhonatan Candia;uy URU;FW;Barracas Central;31-155;1995,0;19;12;993;11,0;1;0;1;1;0;0;3;0;0,09;21;9;42,9;1,9;0,82;0,05;0,11;;;;;;;;;;;;;;0;28;15;2;9;5;6;;;0;0,091;0,0;1,909;0,455;0,545;0,818;2,545
Joaquin Flores;ar ARG;MF;C. Córdoba–SdE;21-081;2005,0;6;0;127;1,4;0;0;0;0;0;0;0;0;0,0;1;0;0,0;0,71;0,0;0,0;;;;;;;;;;;;;;;0;2;4;0;10;0;1;;;0;0,0;0,0;0,714;0,0;0,714;7,143;1,429
Joaquín Ariel Novillo;ar ARG;DF;Aldosivi;28-179;1998,0;8;8;654;7,3;0;0;0;0;0;0;0;0;0,0;3;2;66,7;0,41;0,28;0,0;0,0;;;;;;;;;;;;;;0;14;3;0;0;10;8;;;0;0,0;0,0;0,411;1,37;1,096;0,0;1,918
Joaquín Burgos;ar ARG;MF;Estudiantes–LP;21-246;2004,0;13;9;645;7,2;1;3;4;1;0;0;0;0;0,56;11;4;36,4;1,53;0,56;0,09;0,25;;;;;;;;;;;;;;0;5;5;3;52;6;6;;;0;0,139;0,417;1,528;0,833;0,833;7,222;0,694
Joaquín Correa;ar ARG;FWMF;Estudiantes–LP;32-004;1994,0;1;0;30;0,3;0;1;1;0;0;0;0;0;3,0;0;0;;0,0;0,0;;;;;;;;;;;;;;;;0;0;1;1;0;0;0;;;0;0,0;3,333;0,0;0,0;0,0;0,0;0,0
Joaquín Freitas;ar ARG;MFFW;River Plate;19-258;2006,0;15;7;788;8,8;1;1;2;1;0;0;2;0;0,23;13;5;38,5;1,48;0,57;0,08;0,2;;;;;;;;;;;;;;0;19;13;8;23;3;9;;;0;0,114;0,114;1,477;0,341;1,023;2,614;2,159
Joaquín García;ar ARG;DF;Vélez Sarsfield;24-362;2001,0;16;15;1347;15,0;2;0;2;2;0;0;1;0;0,13;5;4;80,0;0,33;0,27;0,4;0,5;;;;;;;;;;;;;;0;10;8;0;56;14;24;;;0;0,133;0,0;0,333;0,933;1,6;3,733;0,667
Joaquín Laso;ar ARG;DF;Tigre;36-044;1990,0;17;17;1492;16,6;0;0;0;0;0;0;4;0;0,0;6;0;0,0;0,36;0,0;0,0;;;;;;;;;;;;;;;0;7;7;2;10;20;22;;;0;0,0;0,0;0,361;1,205;1,325;0,602;0,422
Joaquín Mosqueira;ar ARG;MF;Tigre;21-289;2004,0;6;1;95;1,1;0;0;0;0;0;0;1;0;0,0;0;0;;0,0;0,0;;;;;;;;;;;;;;;;0;2;1;0;0;1;2;;;0;0,0;0,0;0,0;0,909;1,818;0,0;1,818
Joaquín Mosqueira;ar ARG;MF;Unión;21-289;2004,0;4;4;241;2,7;1;0;1;1;0;0;0;0;0,37;6;2;33,3;2,24;0,75;0,17;0,5;;;;;;;;;;;;;;0;4;0;0;1;4;2;;;0;0,37;0,0;2,222;1,481;0,741;0,37;1,481
Joaquín Pereyra;ar ARG;DF;Estudiantes–LP;21-062;2005,0;3;3;229;2,5;0;0;0;0;0;0;1;0;0,0;1;0;0,0;0,39;0,0;0,0;;;;;;;;;;;;;;;0;5;0;0;7;4;3;;;0;0,0;0,0;0,4;1,6;1,2;2,8;2,0
Joaquín Pombo;ar ARG;DF;Aldosivi;25-152;2001,0;5;4;405;4,5;0;0;0;0;0;0;1;0;0,0;1;0;0,0;0,22;0,0;0,0;;;;;;;;;;;;;;;0;7;2;0;0;7;4;;;0;0,0;0,0;0,222;1,556;0,889;0,0;1,556
Joaquín Rivero;ar ARG;FW;Estudiantes–RC;21-250;2004,0;1;0;7;0,1;0;0;0;0;0;0;0;0;0,0;1;1;100,0;12,86;12,86;0,0;0,0;;;;;;;;;;;;;;0;0;0;0;0;0;0;;;0;0,0;0,0;10,0;0,0;0,0;0,0;0,0
Jonatan Goitía;ar ARG;MF;Dep. Riestra;32-015;1994,0;18;9;850;9,4;0;0;0;0;0;0;6;1;0,0;16;2;12,5;1,69;0,21;0,0;0,0;;;;;;;;;;;;;;0;25;12;0;11;11;23;;;0;0,0;0,0;1,702;1,17;2,447;1,17;2,66
Jonathan David Gómez;ar ARG;MFFW;Sarmiento–J;36-239;1989,0;12;6;508;5,6;1;1;2;1;0;0;1;0;0,35;14;4;28,6;2,48;0,71;0,07;0,25;;;;;;;;;;;;;;0;4;13;1;6;1;5;;;0;0,179;0,179;2,5;0,179;0,893;1,071;0,714
Jonathan Galván;ar ARG;DF;Instituto;34-053;1992,0;18;17;1277;14,2;0;1;1;0;0;0;6;0;0,07;12;2;16,7;0,85;0,14;0,0;0,0;;;;;;;;;;;;;;0;23;5;1;7;17;18;;;0;0,0;0,07;0,845;1,197;1,268;0,493;1,62
Jonathan Herrera;ar ARG;FW;Dep. Riestra;34-335;1991,0;16;12;979;10,9;0;0;0;0;0;0;4;0;0,0;26;10;38,5;2,39;0,92;0,0;0,0;;;;;;;;;;;;;;0;23;10;6;7;4;3;;;0;0,0;0,0;2,385;0,367;0,275;0,642;2,11
Jonathan Herrera;ar ARG;FW;Sarmiento–J;34-335;1991,0;5;3;295;3,3;1;0;1;1;0;0;0;0;0,31;2;1;50,0;0,61;0,31;0,5;1,0;;;;;;;;;;;;;;0;2;0;1;2;0;1;;;0;0,303;0,0;0,606;0,0;0,303;0,606;0,606
Jonás Acevedo;ar ARG;MF;Instituto;29-192;1997,0;8;1;181;2,0;0;0;0;0;0;0;0;0;0,0;3;1;33,3;1,49;0,5;0,0;0,0;;;;;;;;;;;;;;0;3;3;1;11;1;2;;;0;0,0;0,0;1,5;0,5;1,0;5,5;1,5
Jordy Caicedo;ec ECU;FW;Huracán;28-272;1997,0;20;20;1722;19,1;11;0;11;8;3;3;9;1;0,42;39;21;53,8;2,04;1,1;0,26;0,46;;;;;;;;;;;;;;0;37;17;19;6;1;4;;;0;0,576;0,0;2,042;0,052;0,209;0,314;1,937
Jorge Broun;ar ARG;GK;Rosario Central;40-083;1986,0;4;4;360;4,0;0;0;0;0;0;0;0;0;0,0;0;0;;0,0;0,0;;;5,0;1,25;18,0;13,0;72,2;1,0;2,0;1,0;1,0;25,0;1,0;0,0;0,0;0;0;1;0;0;0;0;;;0;0,0;0,0;0,0;0,0;0,0;0,0;0,0
Jorge Figal;ar ARG;DF;Boca Juniors;32-136;1994,0;4;4;360;4,0;0;0;0;0;0;0;0;0;0,0;4;1;25,0;1,0;0,25;0,0;0,0;;;;;;;;;;;;;;0;0;2;0;0;10;4;;;0;0,0;0,0;1,0;2,5;1,0;0,0;0,0
Jorge de Asís;ar ARG;FW;Gimnasia–LP;20-200;2006,0;2;0;23;0,3;0;0;0;0;0;0;0;1;0,0;2;0;0,0;7,83;0,0;0,0;;;;;;;;;;;;;;;0;1;0;0;0;0;0;;;0;0,0;0,0;6,667;0,0;0,0;0,0;3,333
Jose Florentín;py PAR;MF;Ind. Rivadavia;30-043;1996,0;20;18;1658;18,4;4;0;4;4;0;0;2;0;0,22;34;12;35,3;1,85;0,65;0,12;0,33;;;;;;;;;;;;;;0;33;25;4;6;29;21;;;0;0,217;0,0;1,848;1,576;1,141;0,326;1,793
Josue Reinatti;ar ARG;GK;Newell's;23-076;2003,0;10;10;900;10,0;0;0;0;0;0;0;0;0;0,0;0;0;;0,0;0,0;;;10,0;1,0;42,0;32,0;76,2;4,0;4,0;2,0;3,0;30,0;0,0;0,0;0,0;0;0;2;0;0;0;0;;;0;0,0;0,0;0,0;0,0;0,0;0,0;0,0
José Canale;py PAR;DF;Lanús;30-028;1996,0;14;14;1215;13,5;0;0;0;0;0;0;1;0;0,0;4;1;25,0;0,3;0,07;0,0;0,0;;;;;;;;;;;;;;0;8;14;1;0;16;15;;;0;0,0;0,0;0,296;1,185;1,111;0,0;0,593
José Devecchi;ar ARG;GK;CA San Lorenzo;31-039;1995,0;4;3;298;3,3;0;0;0;0;0;0;1;0;0,0;0;0;;0,0;0,0;;;3,0;0,91;9,0;6,0;66,7;1,0;1,0;1,0;1,0;33,3;0,0;0,0;0,0;0;0;2;0;0;0;0;;;0;0,0;0,0;0,0;0,0;0,0;0,0;0,0
José Gómez;ar ARG;DF;C. Córdoba–SdE;26-164;2000,0;4;0;54;0,6;0;0;0;0;0;0;0;0;0,0;1;0;0,0;1,67;0,0;0,0;;;;;;;;;;;;;;;0;2;0;0;2;0;3;;;0;0,0;0,0;1,667;0,0;5,0;3,333;3,333
José Ingratti;ar ARG;FW;Dep. Riestra;26-020;2000,0;1;1;45;0,5;0;0;0;0;0;0;0;0;0,0;0;0;;0,0;0,0;;;;;;;;;;;;;;;;0;0;0;0;0;0;0;;;0;0,0;0,0;0,0;0,0;0,0;0,0;0,0
José Luis Palomino;ar ARG;DF;Talleres–C;36-224;1990,0;8;5;525;5,8;0;0;0;0;0;0;0;0;0,0;6;1;16,7;1,03;0,17;0,0;0,0;;;;;;;;;;;;;;0;2;0;0;0;5;6;;;0;0,0;0,0;1,034;0,862;1,034;0,0;0,345
José Romero;ar ARG;FW;Tigre;23-145;2003,0;12;10;793;8,8;7;2;9;7;0;0;1;0;1,02;35;14;40,0;3,97;1,59;0,2;0,5;;;;;;;;;;;;;;0;11;18;3;5;1;3;;;0;0,795;0,227;3,977;0,114;0,341;0,568;1,25
José Sosa;ar ARG;MF;Estudiantes–LP;41-059;1985,0;9;5;324;3,6;0;1;1;0;0;0;2;0;0,28;4;1;25,0;1,11;0,28;0,0;0,0;;;;;;;;;;;;;;0;5;9;0;15;4;3;;;0;0,0;0,278;1,111;1,111;0,833;4,167;1,389
Juan Antonini;ar ARG;DF;Estudiantes–RC;27-166;1999,0;11;10;895;9,9;0;0;0;0;0;0;0;1;0,0;7;1;14,3;0,7;0,1;0,0;0,0;;;;;;;;;;;;;;0;5;2;0;11;21;11;;;1;0,0;0,0;0,707;2,121;1,111;1,111;0,505
Juan Barbieri;ar ARG;FW;Barracas Central;29-334;1996,0;3;0;28;0,3;0;0;0;0;0;0;0;0;0,0;0;0;;0,0;0,0;;;;;;;;;;;;;;;;0;3;0;0;0;0;0;;;0;0,0;0,0;0,0;0,0;0,0;0,0;10,0
Juan Barinaga;ar ARG;DF;Boca Juniors;25-311;2000,0;9;9;710;7,9;0;0;0;0;0;0;1;0;0,0;2;1;50,0;0,25;0,13;0,0;0,0;;;;;;;;;;;;;;0;4;10;1;23;11;12;;;0;0,0;0,0;0,253;1,392;1,519;2,911;0,506
Juan Bisanz;ar ARG;FWMF;Huracán;24-354;2001,0;17;8;833;9,3;2;1;3;2;0;0;2;0;0,32;30;10;33,3;3,24;1,08;0,07;0,2;;;;;;;;;;;;;;0;13;18;1;26;3;2;;;0;0,215;0,108;3,226;0,323;0,215;2,796;1,398
Juan Cardozo;py PAR;MF;C. Córdoba–SdE;22-174;2004,0;10;5;524;5,8;0;0;0;0;0;0;0;0;0,0;0;0;;0,0;0,0;;;;;;;;;;;;;;;;0;5;3;0;0;5;2;;;0;0,0;0,0;0,0;0,862;0,345;0,0;0,862
Juan Cortazzo;ar ARG;DF;Gimnasia–LP;20-303;2005,0;11;2;366;4,1;0;0;0;0;0;0;1;0;0,0;4;0;0,0;0,98;0,0;0,0;;;;;;;;;;;;;;;0;3;0;0;0;6;1;;;0;0,0;0,0;0,976;1,463;0,244;0,0;0,732
Juan Cozzani;ar ARG;GK;Platense;27-312;1998,0;5;5;450;5,0;0;0;0;0;0;0;0;0;0,0;0;0;;0,0;0,0;;;9,0;1,8;27,0;18,0;66,7;1,0;2,0;2,0;1,0;20,0;1,0;0,0;0,0;0;0;4;0;0;0;0;;;0;0,0;0,0;0,0;0,0;0,0;0,0;0,0
Juan Dadin;ar ARG;FW;Aldosivi;20-089;2006,0;2;1;67;0,7;0;0;0;0;0;0;0;0;0,0;0;0;;0,0;0,0;;;;;;;;;;;;;;;;0;0;0;0;0;1;0;;;0;0,0;0,0;0,0;1,429;0,0;0,0;0,0
Juan Dadin;ar ARG;FW;Ind. Rivadavia;20-089;2006,0;6;0;104;1,2;0;0;0;0;0;0;1;0;0,0;3;1;33,3;2,6;0,87;0,0;0,0;;;;;;;;;;;;;;0;3;0;0;0;0;2;;;0;0,0;0,0;2,5;0,0;1,667;0,0;2,5
Juan Espínola;py PAR;GK;Barracas Central;31-288;1994,0;6;5;461;5,1;0;0;0;0;0;0;0;0;0,0;0;0;;0,0;0,0;;;6,0;1,17;20,0;14,0;70,0;2,0;2,0;1,0;1,0;20,0;0,0;0,0;0,0;0;0;1;0;0;0;0;;;0;0,0;0,0;0,0;0,0;0,0;0,0;0,0
Juan Fedorco;ar ARG;DF;Independiente;25-262;2000,0;13;9;864;9,6;1;0;1;1;0;0;3;0;0,1;9;3;33,3;0,94;0,31;0,11;0,33;;;;;;;;;;;;;;0;9;6;0;2;17;12;;;0;0,104;0,0;0,938;1,771;1,25;0,208;0,938
Juan Fernando Garro;ar ARG;FW;Estudiantes–RC;33-266;1992,0;4;2;176;2,0;0;0;0;0;0;0;0;0;0,0;1;0;0,0;0,51;0,0;0,0;;;;;;;;;;;;;;;0;2;4;0;1;0;1;;;0;0,0;0,0;0,5;0,0;0,5;0,5;1,0
Juan Franco Arrellaga;py PAR;DF;Gimnasia–M;34-188;1992,0;9;8;569;6,3;0;0;0;0;0;0;2;0;0,0;1;0;0,0;0,16;0,0;0,0;;;;;;;;;;;;;;;0;9;9;0;14;7;7;;;0;0,0;0,0;0,159;1,111;1,111;2,222;1,429
Juan Gauto;ar ARG;MF;Platense;22-076;2004,0;18;13;1086;12,1;0;2;2;0;0;0;0;0;0,17;21;6;28,6;1,74;0,5;0,0;0,0;;;;;;;;;;;;;;0;14;8;3;62;6;7;;;0;0,0;0,165;1,736;0,496;0,579;5,124;1,157
Juan Giménez;ar ARG;DF;Rosario Central;20-112;2006,0;1;1;58;0,6;0;0;0;0;0;0;1;0;0,0;0;0;;0,0;0,0;;;;;;;;;;;;;;;;0;1;0;0;0;1;1;;;0;0,0;0,0;0,0;1,667;1,667;0,0;1,667
Juan Gutierrez;uy URU;MFFW;Defensa;24-194;2002,0;20;19;1667;18,5;4;3;7;4;0;0;1;0;0,38;41;17;41,5;2,21;0,92;0,1;0,24;;;;;;;;;;;;;;0;18;30;8;19;6;14;;;0;0,216;0,162;2,216;0,324;0,757;1,027;0,973
Juan Ignacio Méndez;ar ARG;MF;Instituto;29-111;1997,0;15;6;603;6,7;0;1;1;0;0;0;2;0;0,15;4;0;0,0;0,6;0,0;0,0;;;;;;;;;;;;;;;0;5;4;1;2;8;5;;;0;0,0;0,149;0,597;1,194;0,746;0,299;0,746
Juan Ignacio Ramírez;uy URU;FW;Newell's;29-197;1997,0;15;7;705;7,8;4;0;4;3;1;1;0;0;0,38;18;9;50,0;2,3;1,15;0,21;0,4;;;;;;;;;;;;;;0;13;17;6;2;0;6;;;0;0,513;0,0;2,308;0,0;0,769;0,256;1,667
Juan Infante;ar ARG;DF;Atlé Tucumán;30-222;1996,0;1;1;90;1,0;0;0;0;0;0;0;0;0;0,0;1;0;0,0;1,0;0,0;0,0;;;;;;;;;;;;;;;0;2;0;0;0;1;1;;;0;0,0;0,0;1,0;1,0;1,0;0,0;2,0
Juan Ludueña;ar ARG;DF;Unión;23-187;2003,0;20;18;1684;18,7;1;1;2;1;0;0;4;0;0,11;11;3;27,3;0,59;0,16;0,09;0,33;;;;;;;;;;;;;;0;10;5;1;3;33;22;;;0;0,053;0,053;0,588;1,765;1,176;0,16;0,535
Juan Luis Alfaro;ar ARG;MFDF;Banfield;26-305;1999,0;5;4;270;3,0;0;0;0;0;0;0;1;0;0,0;1;0;0,0;0,33;0,0;0,0;;;;;;;;;;;;;;;0;4;1;0;7;5;8;;;0;0,0;0,0;0,333;1,667;2,667;2,333;1,333
Juan Manuel Cabrera;ar ARG;DF;Sarmiento–J;26-160;2000,0;8;3;364;4,0;0;0;0;0;0;0;2;0;0,0;1;0;0,0;0,25;0,0;0,0;;;;;;;;;;;;;;;0;9;2;0;7;6;3;;;0;0,0;0,0;0,25;1,5;0,75;1,75;2,25
Juan Manuel Elordi;ar ARG;DFMF;Ind. Rivadavia;31-361;1994,0;19;15;1371;15,2;1;2;3;1;0;0;2;0;0,2;20;8;40,0;1,31;0,53;0,05;0,13;;;;;;;;;;;;;;0;11;6;2;44;18;20;;;0;0,066;0,132;1,316;1,184;1,316;2,895;0,724
Juan Manuel Insaurralde;ar ARG;DF;Sarmiento–J;41-318;1984,0;18;18;1550;17,2;0;0;0;0;0;0;8;2;0,0;8;2;25,0;0,46;0,12;0,0;0,0;;;;;;;;;;;;;;1;14;8;0;1;20;14;;;0;0,0;0,0;0,465;1,163;0,814;0,058;0,814
Juan Meza;ar ARG;MF;River Plate;18-156;2008,0;5;1;162;1,8;0;2;2;0;0;0;2;0;1,11;6;1;16,7;3,33;0,56;0,0;0,0;;;;;;;;;;;;;;0;3;5;0;11;2;3;;;0;0,0;1,111;3,333;1,111;1,667;6,111;1,667
Juan Miritello;ar ARG;FW;Defensa;27-190;1999,0;6;5;389;4,3;2;0;2;2;0;0;0;0;0,46;5;2;40,0;1,16;0,46;0,4;1,0;;;;;;;;;;;;;;0;4;3;4;0;0;1;;;0;0,465;0,0;1,163;0,0;0,233;0,0;0,93
Juan Nardoni;ar ARG;MF;Racing Club;24-034;2002,0;2;2;126;1,4;0;0;0;0;0;0;1;0;0,0;1;0;0,0;0,71;0,0;0,0;;;;;;;;;;;;;;;0;3;1;0;0;0;1;;;0;0,0;0,0;0,714;0,0;0,714;0,0;2,143
Juan Pignani;ar ARG;DF;C. Córdoba–SdE;25-046;2001,0;8;7;602;6,7;0;0;0;0;0;0;2;1;0,0;2;0;0,0;0,3;0,0;0,0;;;;;;;;;;;;;;;0;5;3;0;0;9;11;;;0;0,0;0,0;0,299;1,343;1,642;0,0;0,746
Juan Pintado;uy URU;DFMF;Unión;32-020;1994,0;4;0;100;1,1;0;0;0;0;0;0;0;0;0,0;1;0;0,0;0,9;0,0;0,0;;;;;;;;;;;;;;;0;0;0;0;11;0;3;;;0;0,0;0,0;0,909;0,0;2,727;10,0;0,0
Juan Portillo;ar ARG;DFMF;River Plate;26-091;2000,0;1;0;16;0,2;0;0;0;0;0;0;0;0;0,0;0;0;;0,0;0,0;;;;;;;;;;;;;;;;0;0;0;0;0;0;0;;;0;0,0;0,0;0,0;0,0;0,0;0,0;0,0
Juan Pérez;co COL;MF;Gimnasia–LP;22-023;2004,0;4;1;126;1,4;0;0;0;0;0;0;0;0;0,0;3;1;33,3;2,14;0,71;0,0;0,0;;;;;;;;;;;;;;0;3;2;0;1;1;2;;;0;0,0;0,0;2,143;0,714;1,429;0,714;2,143
Juan Quintero;co COL;MF;River Plate;33-211;1993,0;12;6;549;6,1;2;2;4;2;0;1;0;0;0,66;26;13;50,0;4,26;2,13;0,07;0,14;;;;;;;;;;;;;;0;0;6;1;35;1;0;;;0;0,328;0,328;4,262;0,164;0,0;5,738;0,0
Juan Randazzo;ar ARG;DF;Dep. Riestra;31-310;1994,0;12;10;932;10,4;0;0;0;0;0;0;3;0;0,0;2;0;0,0;0,19;0,0;0,0;;;;;;;;;;;;;;;0;19;7;1;3;14;7;;;0;0,0;0,0;0,192;1,346;0,673;0,288;1,827
Juan Rattalino;ar ARG;MF;CA San Lorenzo;22-206;2004,0;7;1;238;2,6;0;0;0;0;0;0;0;0;0,0;2;0;0,0;0,76;0,0;0,0;;;;;;;;;;;;;;;0;3;2;0;8;2;4;;;0;0,0;0,0;0,769;0,769;1,538;3,077;1,154
Juan Romero;py PAR;FWMF;Instituto;25-104;2001,0;1;0;14;0,2;0;0;0;0;0;0;0;0;0,0;0;0;;0,0;0,0;;;;;;;;;;;;;;;;0;0;0;0;0;0;0;;;0;0,0;0,0;0,0;0,0;0,0;0,0;0,0
Juan Saborido;ar ARG;DF;Platense;28-114;1998,0;18;17;1508;16,8;0;0;0;0;0;0;1;0;0,0;17;3;17,6;1,01;0,18;0,0;0,0;;;;;;;;;;;;;;0;14;9;0;44;16;33;;;0;0,0;0,0;1,012;0,952;1,964;2,619;0,833
Juan Sforza;ar ARG;MF;Talleres–C;24-184;2002,0;15;10;1002;11,1;0;0;0;0;0;0;4;0;0,0;4;0;0,0;0,36;0,0;0,0;;;;;;;;;;;;;;;0;11;14;0;11;13;18;;;0;0,0;0,0;0,36;1,171;1,622;0,991;0,991
Juan Velazquez;ar ARG;MF;Belgrano;21-271;2004,0;10;8;601;6,7;0;0;0;0;0;0;1;0;0,0;5;0;0,0;0,75;0,0;0,0;;;;;;;;;;;;;;;0;3;6;1;35;7;6;;;0;0,0;0,0;0,746;1,045;0,896;5,224;0,448
Juan Villalba;ar ARG;DF;Tigre;20-155;2006,0;4;2;197;2,2;0;0;0;0;0;0;2;0;0,0;0;0;;0,0;0,0;;;;;;;;;;;;;;;;0;2;3;0;4;4;1;;;0;0,0;0,0;0,0;1,818;0,455;1,818;0,909
Juan Álvarez;ar ARG;MF;CA San Lorenzo;30-188;1996,0;2;2;99;1,1;0;0;0;0;0;0;0;0;0,0;2;2;100,0;1,82;1,82;0,0;0,0;;;;;;;;;;;;;;0;5;3;0;7;1;0;;;0;0,0;0,0;1,818;0,909;0,0;6,364;4,545
Juan Álvarez;ar ARG;FWMF;Gimnasia–M;30-188;1996,0;1;0;29;0,3;0;0;0;0;0;0;0;0;0,0;0;0;;0,0;0,0;;;;;;;;;;;;;;;;0;0;0;0;0;0;0;;;0;0,0;0,0;0,0;0,0;0,0;0,0;0,0
Julián Ceballos;ar ARG;MFFW;Gimnasia–M;21-338;2004,0;12;8;699;7,8;0;1;1;0;0;0;2;0;0,13;10;2;20,0;1,29;0,26;0,0;0,0;;;;;;;;;;;;;;0;13;4;2;24;9;16;;;0;0,0;0,128;1,282;1,154;2,051;3,077;1,667
Julián Contrera;ar ARG;MF;Sarmiento–J;23-099;2003,0;18;12;1094;12,2;0;2;2;0;0;0;6;0;0,16;14;5;35,7;1,15;0,41;0,0;0,0;;;;;;;;;;;;;;0;39;16;8;72;10;15;;;0;0,0;0,164;1,148;0,82;1,23;5,902;3,197
Julián Fernández;ar ARG;MF;Atlé Tucumán;31-148;1995,0;3;1;97;1,1;0;0;0;0;0;0;0;0;0,0;0;0;;0,0;0,0;;;;;;;;;;;;;;;;0;1;2;0;0;3;2;;;0;0,0;0,0;0,0;2,727;1,818;0,0;0,909
Julián Fernández;ar ARG;MFFW;Rosario Central;22-226;2004,0;13;11;927;10,3;2;2;4;2;0;0;1;0;0,39;18;4;22,2;1,75;0,39;0,11;0,5;;;;;;;;;;;;;;0;6;17;3;25;3;11;;;0;0,194;0,194;1,748;0,291;1,068;2,427;0,583
Julián Kadijevic;ar ARG;GK;Gimnasia–LP;22-202;2004,0;2;1;153;1,7;0;0;0;0;0;0;0;0;0,0;0;0;;0,0;0,0;;;4,0;2,35;9,0;5,0;55,6;0,0;0,0;1,0;0,0;0,0;0,0;0,0;0,0;0;0;0;0;0;0;0;;;0;0,0;0,0;0,0;0,0;0,0;0,0;0,0
Julián López;ar ARG;MF;Defensa;26-221;2000,0;7;1;250;2,8;0;0;0;0;0;0;0;0;0,0;0;0;;0,0;0,0;;;;;;;;;;;;;;;;0;3;1;0;1;2;6;;;0;0,0;0,0;0,0;0,714;2,143;0,357;1,071
Julián Mavilla;ar ARG;MF;Belgrano;26-112;2000,0;6;1;268;3,0;1;0;1;1;0;0;0;0;0,34;1;1;100,0;0,34;0,34;1,0;1,0;;;;;;;;;;;;;;0;3;2;2;5;3;4;;;0;0,333;0,0;0,333;1,0;1,333;1,667;1,0
Julián Mavilla;ar ARG;MF;Sarmiento–J;26-112;2000,0;4;3;232;2,6;2;0;2;2;0;0;1;0;0,78;6;2;33,3;2,33;0,78;0,33;1,0;;;;;;;;;;;;;;0;1;5;0;13;0;3;;;0;0,769;0,0;2,308;0,0;1,154;5,0;0,385
Julián Palacios;ar ARG;MF;Unión;27-194;1999,0;20;20;1607;17,9;3;6;9;3;0;0;5;0;0,5;36;10;27,8;2,02;0,56;0,08;0,3;;;;;;;;;;;;;;0;30;39;2;77;9;19;;;0;0,168;0,335;2,011;0,503;1,061;4,302;1,676
Junior Arias;uy URU;FW;Aldosivi;33-092;1993,0;11;9;714;7,9;0;0;0;0;0;0;2;0;0,0;19;3;15,8;2,39;0,38;0,0;0,0;;;;;;;;;;;;;;0;6;7;3;6;4;1;;;0;0,0;0,0;2,405;0,506;0,127;0,759;0,759
Junior Marabel;py PAR;FW;Sarmiento–J;28-144;1998,0;21;19;1577;17,5;10;3;13;7;3;3;1;0;0,57;40;19;47,5;2,28;1,08;0,23;0,45;;;;;;;;;;;;;;0;13;20;3;3;3;5;;;0;0,571;0,171;2,286;0,171;0,286;0,171;0,743
Kendry Páez;ec ECU;MFFW;River Plate;19-105;2007,0;8;3;317;3,5;1;0;1;1;0;0;1;0;0,28;7;3;42,9;1,99;0,85;0,14;0,33;;;;;;;;;;;;;;0;2;2;0;12;3;1;;;0;0,286;0,0;2,0;0,857;0,286;3,429;0,571
Kevin Castaño;co COL;MF;River Plate;25-322;2000,0;5;1;96;1,1;0;0;0;0;0;0;0;0;0,0;1;0;0,0;0,94;0,0;0,0;;;;;;;;;;;;;;;0;4;2;0;1;2;3;;;0;0,0;0,0;0,909;1,818;2,727;0,909;3,636
Kevin Coronel;ar ARG;DF;Arg Juniors;22-006;2004,0;12;10;923;10,3;0;0;0;0;0;0;2;0;0,0;10;5;50,0;0,98;0,49;0,0;0,0;;;;;;;;;;;;;;0;11;8;0;38;11;10;;;0;0,0;0,0;0,971;1,068;0,971;3,689;1,068
Kevin Facundo Gutiérrez;ar ARG;MF;Arg Juniors;29-075;1997,0;5;4;374;4,2;0;0;0;0;0;0;1;0;0,0;3;2;66,7;0,72;0,48;0,0;0,0;;;;;;;;;;;;;;0;1;2;0;2;4;6;;;0;0,0;0,0;0,714;0,952;1,429;0,476;0,238
Kevin Gutiérrez;ar ARG;MF;Rosario Central;20-199;2006,0;1;0;14;0,2;0;0;0;0;0;0;0;0;0,0;0;0;;0,0;0,0;;;;;;;;;;;;;;;;0;0;0;0;0;0;0;;;0;0,0;0,0;0,0;0,0;0,0;0,0;0,0
Kevin Jappert;ar ARG;DFMF;Barracas Central;22-173;2004,0;14;10;971;10,8;1;0;1;1;0;0;1;0;0,09;8;3;37,5;0,74;0,28;0,13;0,33;;;;;;;;;;;;;;0;7;9;1;5;29;13;;;0;0,093;0,0;0,741;2,685;1,204;0,463;0,648
Kevin Lomónaco;ar ARG;DF;Independiente;24-221;2002,0;20;17;1509;16,8;0;1;1;0;0;0;5;0;0,06;5;0;0,0;0,3;0,0;0,0;;;;;;;;;;;;;;;0;13;21;1;7;27;18;;;0;0,0;0,06;0,298;1,607;1,071;0,417;0,774
Kevin Ortíz;ar ARG;MF;Atlé Tucumán;25-333;2000,0;14;9;841;9,3;0;1;1;0;0;0;2;1;0,11;6;1;16,7;0,64;0,11;0,0;0,0;;;;;;;;;;;;;;1;13;16;0;7;18;19;;;0;0,0;0,108;0,645;1,935;2,043;0,753;1,398
Kevin Retamar;ar ARG;MFFW;Platense;27-192;1999,0;17;10;879;9,8;2;2;4;2;0;0;0;0;0,41;23;8;34,8;2,35;0,82;0,09;0,25;;;;;;;;;;;;;;0;7;9;3;30;9;9;;;0;0,204;0,204;2,347;0,918;0,918;3,061;0,714
Kevin Vázquez;ar ARG;MF;Ind. Rivadavia;25-151;2001,0;7;3;273;3,0;0;0;0;0;0;0;0;0;0,0;4;1;25,0;1,32;0,33;0,0;0,0;;;;;;;;;;;;;;0;3;3;0;4;2;2;;;0;0,0;0,0;1,333;0,667;0,667;1,333;1,0
Kevin Zenon;ar ARG;FWMF;Boca Juniors;25-018;2001,0;6;3;286;3,2;0;0;0;0;0;0;0;0;0,0;7;4;57,1;2,2;1,26;0,0;0,0;;;;;;;;;;;;;;0;1;11;0;21;1;3;;;0;0,0;0,0;2,188;0,312;0,938;6,562;0,312
Laurtaro Giaccone;ar ARG;MFFW;Arg Juniors;25-197;2001,0;10;3;358;4,0;0;0;0;0;0;0;0;0;0,0;7;3;42,9;1,76;0,75;0,0;0,0;;;;;;;;;;;;;;0;2;4;1;13;7;1;;;0;0,0;0,0;1,75;1,75;0,25;3,25;0,5
Lautaro Blanco;ar ARG;DF;Boca Juniors;27-179;1999,0;18;17;1541;17,1;1;1;2;1;0;0;1;0;0,12;10;2;20,0;0,58;0,12;0,1;0,5;;;;;;;;;;;;;;0;7;4;1;134;12;42;;;0;0,058;0,058;0,585;0,702;2,456;7,836;0,409
Lautaro Cano;ar ARG;DF;Banfield;23-360;2002,0;1;1;66;0,7;0;0;0;0;0;0;1;0;0,0;0;0;;0,0;0,0;;;;;;;;;;;;;;;;0;1;2;0;1;1;3;;;0;0,0;0,0;0,0;1,429;4,286;1,429;1,429
Lautaro Carrera;ar ARG;DF;Gimnasia–M;23-079;2003,0;12;5;599;6,7;0;0;0;0;0;0;1;0;0,0;4;0;0,0;0,6;0,0;0,0;;;;;;;;;;;;;;;0;9;2;0;0;9;14;;;0;0,0;0,0;0,597;1,343;2,09;0,0;1,343
Lautaro Di Lollo;ar ARG;DF;Boca Juniors;22-160;2004,0;17;17;1530;17,0;1;0;1;1;0;0;3;0;0,06;10;4;40,0;0,59;0,24;0,1;0,25;;;;;;;;;;;;;;0;12;7;0;0;15;30;;;0;0,059;0,0;0,588;0,882;1,765;0,0;0,706
Lautaro Duarte;ar ARG;MF;Dep. Riestra;21-147;2005,0;1;1;45;0,5;0;0;0;0;0;0;1;0;0,0;0;0;;0,0;0,0;;;;;;;;;;;;;;;;0;2;1;0;0;0;1;;;0;0,0;0,0;0,0;0,0;2,0;0,0;4,0
Lautaro Díaz;ar ARG;FW;Racing Club;28-088;1998,0;5;4;303;3,4;0;0;0;0;0;0;0;0;0,0;3;1;33,3;0,89;0,3;0,0;0,0;;;;;;;;;;;;;;0;1;7;1;3;4;2;;;0;0,0;0,0;0,882;1,176;0,588;0,882;0,294
Lautaro Gianetti;ar ARG;DF;Newell's;32-277;1993,0;5;4;381;4,2;0;0;0;0;0;0;1;0;0,0;2;0;0,0;0,47;0,0;0,0;;;;;;;;;;;;;;;0;2;1;0;0;8;4;;;0;0,0;0,0;0,476;1,905;0,952;0,0;0,476
Lautaro Godoy;py PAR;MFFW;Atlé Tucumán;23-155;2003,0;17;7;796;8,8;0;0;0;0;0;0;3;1;0,0;18;6;33,3;2,04;0,68;0,0;0,0;;;;;;;;;;;;;;1;20;8;1;46;11;15;;;0;0,0;0,0;2,045;1,25;1,705;5,227;2,273
Lautaro Gutierrez;ar ARG;FW;Belgrano;20-193;2006,0;14;2;413;4,6;2;0;2;2;0;0;0;0;0,44;10;5;50,0;2,18;1,09;0,2;0,4;;;;;;;;;;;;;;0;5;5;1;6;0;1;;;0;0,435;0,0;2,174;0,0;0,217;1,304;1,087
Lautaro Gómez;ar ARG;MF;Banfield;23-009;2003,0;20;10;880;9,8;3;0;3;3;0;0;2;0;0,31;13;6;46,2;1,33;0,61;0,23;0,5;;;;;;;;;;;;;;0;11;23;0;25;6;16;;;0;0,306;0,0;1,327;0,612;1,633;2,551;1,122
Lautaro Millán;cl CHI;MF;Independiente;21-001;2005,0;16;9;798;8,9;1;1;2;1;0;0;4;0;0,23;12;4;33,3;1,35;0,45;0,08;0,25;;;;;;;;;;;;;;0;11;15;0;27;3;9;;;0;0,112;0,112;1,348;0,337;1,011;3,034;1,236
Lautaro Montenegro;ar ARG;DF;CA San Lorenzo;21-172;2005,0;5;5;450;5,0;0;0;0;0;0;0;2;0;0,0;2;0;0,0;0,4;0,0;0,0;;;;;;;;;;;;;;;0;9;3;0;5;10;6;;;0;0,0;0,0;0,4;2,0;1,2;1,0;1,8
Lautaro Mora;ar ARG;FW;Huracán;20-173;2006,0;8;0;93;1,0;0;0;0;0;0;0;2;0;0,0;3;0;0,0;2,9;0,0;0,0;;;;;;;;;;;;;;;0;4;1;0;0;1;0;;;0;0,0;0,0;3,0;1,0;0,0;0,0;4,0
Lautaro Morales;ar ARG;GK;Tigre;26-244;1999,0;1;1;90;1,0;0;0;0;0;0;0;0;0;0,0;0;0;;0,0;0,0;;;0,0;0,0;3,0;3,0;100,0;0,0;1,0;0,0;1,0;100,0;0,0;0,0;0,0;0;0;0;0;0;0;0;;;0;0,0;0,0;0,0;0,0;0,0;0,0;0,0
Lautaro Ortiz;ar ARG;MF;Talleres–C;18-213;2008,0;1;0;12;0,1;0;0;0;0;0;0;0;0;0,0;0;0;;0,0;0,0;;;;;;;;;;;;;;;;0;1;0;0;0;0;0;;;0;0,0;0,0;0,0;0,0;0,0;0,0;10,0
Lautaro Pereyra;ar ARG;MF;River Plate;18-142;2008,0;7;2;169;1,9;0;0;0;0;0;0;0;0;0,0;7;0;0,0;3,73;0,0;0,0;;;;;;;;;;;;;;;0;4;1;0;5;1;1;;;0;0,0;0,0;3,684;0,526;0,526;2,632;2,105
Lautaro Petruchi;ar ARG;GK;Gimnasia–M;27-350;1998,0;2;2;180;2,0;0;0;0;0;0;0;1;0;0,0;0;0;;0,0;0,0;;;2,0;1,0;8,0;6,0;75,0;0,0;2,0;0,0;0,0;0,0;0,0;0,0;0,0;0;0;1;0;0;0;0;;;0;0,0;0,0;0,0;0,0;0,0;0,0;0,0
Lautaro Rios;ar ARG;MF;Newell's;19-329;2006,0;5;3;265;2,9;0;1;1;0;0;0;0;0;0,34;5;0;0,0;1,7;0,0;0,0;;;;;;;;;;;;;;;0;5;4;1;8;1;4;;;0;0,0;0,345;1,724;0,345;1,379;2,759;1,724
Lautaro Rivero;ar ARG;DF;River Plate;22-289;2003,0;16;15;1327;14,7;1;0;1;1;0;0;7;0;0,07;9;3;33,3;0,61;0,2;0,11;0,33;;;;;;;;;;;;;;0;15;18;0;4;18;19;;;0;0,068;0,0;0,612;1,224;1,293;0,272;1,02
Lautaro Ríos;ar ARG;MF;Banfield;25-312;2000,0;5;2;301;3,3;0;0;0;0;0;0;1;0;0,0;4;2;50,0;1,2;0,6;0,0;0,0;;;;;;;;;;;;;;0;10;8;0;1;7;2;;;0;0,0;0,0;1,212;2,121;0,606;0,303;3,03
Lautaro Vargas;ar ARG;DF;Unión;21-197;2005,0;20;20;1656;18,4;0;2;2;0;0;0;9;0;0,11;10;2;20,0;0,54;0,11;0,0;0,0;;;;;;;;;;;;;;0;14;12;2;86;18;30;;;0;0,0;0,109;0,543;0,978;1,63;4,674;0,761
Lautaro Villegas;ar ARG;MF;Banfield;22-230;2003,0;18;11;952;10,6;0;0;0;0;0;0;3;0;0,0;4;1;25,0;0,38;0,09;0,0;0,0;;;;;;;;;;;;;;0;12;7;0;6;7;19;;;0;0,0;0,0;0,377;0,66;1,792;0,566;1,132
Leandro Brey;ar ARG;GK;Boca Juniors;23-330;2002,0;5;4;369;4,1;0;0;0;0;0;0;0;0;0,0;0;0;;0,0;0,0;;;1,0;0,24;10,0;9,0;90,0;4,0;0,0;0,0;4,0;100,0;0,0;0,0;0,0;0;0;0;0;0;0;0;;;0;0,0;0,0;0,0;0,0;0,0;0,0;0,0
Leandro Díaz;ar ARG;FW;Atlé Tucumán;34-072;1992,0;17;15;1293;14,4;7;1;8;4;3;4;3;0;0,35;35;19;54,3;2,44;1,32;0,18;0,3;;;;;;;;;;;;;;0;27;17;21;3;1;3;;;0;0,486;0,069;2,431;0,069;0,208;0,208;1,875
Leandro Fernández;ar ARG;FW;Arg Juniors;35-158;1991,0;7;1;149;1,7;0;0;0;0;0;0;1;0;0,0;4;1;25,0;2,42;0,6;0,0;0,0;;;;;;;;;;;;;;0;1;4;3;10;0;1;;;0;0,0;0,0;2,353;0,0;0,588;5,882;0,588
Leandro Fernández;ar ARG;FW;Defensa;35-158;1991,0;4;4;308;3,4;0;0;0;0;0;0;0;0;0,0;9;3;33,3;2,63;0,88;0,0;0,0;;;;;;;;;;;;;;0;4;5;10;4;1;4;;;0;0,0;0,0;2,647;0,294;1,176;1,176;1,176
Leandro González Pirez;ar ARG;DF;Estudiantes–LP;34-172;1992,0;14;12;1106;12,3;1;0;1;1;0;0;7;0;0,08;7;3;42,9;0,57;0,24;0,14;0,33;;;;;;;;;;;;;;0;11;13;0;1;13;16;;;0;0,081;0,0;0,569;1,057;1,301;0,081;0,894
Leandro Lescano;ar ARG;DF;Huracán;23-167;2003,0;7;4;292;3,2;0;0;0;0;0;0;3;2;0,0;5;1;20,0;1,54;0,31;0,0;0,0;;;;;;;;;;;;;;1;12;5;2;13;6;5;;;0;0,0;0,0;1,562;1,875;1,562;4,062;3,75
Leandro Lozano;uy URU;DFMF;Arg Juniors;27-241;1998,0;11;11;942;10,5;0;1;1;0;0;0;2;0;0,1;9;2;22,2;0,86;0,19;0,0;0,0;;;;;;;;;;;;;;0;4;17;2;50;16;19;;;0;0,0;0,095;0,857;1,524;1,81;4,762;0,381
Leandro Lozano;uy URU;DF;Boca Juniors;27-241;1998,0;4;3;265;2,9;0;0;0;0;0;0;0;0;0,0;2;1;50,0;0,68;0,34;0,0;0,0;;;;;;;;;;;;;;0;6;4;0;17;1;3;;;0;0,0;0,0;0,69;0,345;1,034;5,862;2,069
Leandro Paredes;ar ARG;MF;Boca Juniors;32-049;1994,0;18;14;1286;14,3;2;3;5;0;2;2;7;0;0,21;24;6;25,0;1,68;0,42;0,08;0,25;;;;;;;;;;;;;;0;15;32;1;70;13;18;;;0;0,14;0,21;1,678;0,909;1,259;4,895;1,049
Leonard Costa;uy URU;DF;Ind. Rivadavia;27-354;1998,0;18;17;1334;14,8;1;1;2;1;0;0;1;0;0,13;8;1;12,5;0,54;0,07;0,13;1,0;;;;;;;;;;;;;;0;7;8;2;0;17;8;;;0;0,068;0,068;0,541;1,149;0,541;0,0;0,473
Leonardo Gil;ar ARG;MF;Huracán;35-078;1991,0;21;18;1560;17,3;0;2;2;0;0;0;4;0;0,12;14;5;35,7;0,81;0,29;0,0;0,0;;;;;;;;;;;;;;0;17;45;1;73;12;19;;;0;0,0;0,116;0,809;0,694;1,098;4,22;0,983
Leonardo Godoy;ar ARG;DF;Independiente;31-111;1995,0;12;11;799;8,9;0;0;0;0;0;0;3;0;0,0;7;1;14,3;0,79;0,11;0,0;0,0;;;;;;;;;;;;;;0;13;14;3;24;5;9;;;0;0,0;0,0;0,787;0,562;1,011;2,697;1,461
Leonardo Heredia;ar ARG;FWMF;Platense;30-218;1996,0;18;9;725;8,1;0;0;0;0;0;0;3;0;0,0;19;6;31,6;2,36;0,74;0,0;0,0;;;;;;;;;;;;;;0;13;8;5;2;7;2;;;0;0,0;0,0;2,346;0,864;0,247;0,247;1,605
Leonardo Landriel;ar ARG;MF;Dep. Riestra;30-034;1996,0;2;0;20;0,2;0;0;0;0;0;0;1;0;0,0;0;0;;0,0;0,0;;;;;;;;;;;;;;;;0;1;0;0;0;0;0;;;0;0,0;0,0;0,0;0,0;0,0;0,0;5,0
Leonardo Marchi;ar ARG;DF;C. Córdoba–SdE;29-334;1996,0;6;3;282;3,1;0;0;0;0;0;0;2;0;0,0;0;0;;0,0;0,0;;;;;;;;;;;;;;;;0;4;0;1;19;4;7;;;0;0,0;0,0;0,0;1,29;2,258;6,129;1,29
Leonardo Morales;ar ARG;DF;Belgrano;35-128;1991,0;19;19;1540;17,1;0;0;0;0;0;0;5;1;0,0;11;1;9,1;0,64;0,06;0,0;0,0;;;;;;;;;;;;;;0;7;12;0;11;18;17;;;0;0,0;0,0;0,643;1,053;0,994;0,643;0,409
Leonardo Rios;ar ARG;DF;Rosario Central;19-281;2006,0;1;0;24;0,3;0;0;0;0;0;0;0;0;0,0;0;0;;0,0;0,0;;;;;;;;;;;;;;;;0;0;1;0;1;1;0;;;0;0,0;0,0;0,0;3,333;0,0;3,333;0,0
Leonardo Sequeira;ar ARG;MF;C. Córdoba–SdE;31-113;1995,0;2;1;115;1,3;0;1;1;0;0;0;1;0;0,78;3;0;0,0;2,35;0,0;0,0;;;;;;;;;;;;;;;0;1;1;0;4;1;3;;;0;0,0;0,769;2,308;0,769;2,308;3,077;0,769
Leonardo Sequeira;ar ARG;FWMF;Huracán;31-113;1995,0;10;0;115;1,3;0;0;0;0;0;0;0;0;0,0;0;0;;0,0;0,0;;;;;;;;;;;;;;;;0;1;2;0;8;2;1;;;0;0,0;0,0;0,0;1,538;0,769;6,154;0,769
Leonardo Sigali;ar ARG;DF;Aldosivi;39-080;1987,0;3;3;225;2,5;0;0;0;0;0;0;1;0;0,0;0;0;;0,0;0,0;;;;;;;;;;;;;;;;0;1;2;0;1;1;1;;;0;0,0;0,0;0,0;0,4;0,4;0,4;0,4
Leonel Bucca;ar ARG;MF;Ind. Rivadavia;27-150;1999,0;11;5;434;4,8;4;0;4;4;0;0;0;0;0,83;13;5;38,5;2,7;1,04;0,31;0,8;;;;;;;;;;;;;;0;7;8;0;9;3;8;;;0;0,833;0,0;2,708;0,625;1,667;1,875;1,458
Leonel Di Plácido;ar ARG;DFMF;Atlé Tucumán;32-201;1994,0;9;7;607;6,7;0;0;0;0;0;0;2;0;0,0;5;1;20,0;0,74;0,15;0,0;0,0;;;;;;;;;;;;;;0;7;8;0;13;10;11;;;0;0,0;0,0;0,746;1,493;1,642;1,94;1,045
Leonel Flores;ar ARG;FWMF;Boca Juniors;19-192;2007,0;5;5;402;4,5;0;0;0;0;0;0;1;0;0,0;12;3;25,0;2,69;0,67;0,0;0,0;;;;;;;;;;;;;;0;5;11;0;27;0;4;;;0;0,0;0,0;2,667;0,0;0,889;6,0;1,111
Leonel Mosevich;ar ARG;DF;Instituto;29-194;1997,0;21;21;1890;21,0;0;0;0;0;0;0;6;0;0,0;14;4;28,6;0,67;0,19;0,0;0,0;;;;;;;;;;;;;;0;24;6;2;0;23;17;;;0;0,0;0,0;0,667;1,095;0,81;0,0;1,143
Leonel Pérez;ar ARG;MF;Racing Club;22-008;2004,0;1;0;17;0,2;0;0;0;0;0;0;0;0;0,0;0;0;;0,0;0,0;;;;;;;;;;;;;;;;0;0;0;0;0;0;0;;;0;0,0;0,0;0,0;0,0;0,0;0,0;0,0
Lisandro Duarte;ar ARG;MF;Rosario Central;19-027;2007,0;1;1;63;0,7;0;0;0;0;0;0;0;0;0,0;1;0;0,0;1,43;0,0;0,0;;;;;;;;;;;;;;;0;2;3;0;2;0;2;;;0;0,0;0,0;1,429;0,0;2,857;2,857;2,857
Lisandro López;ar ARG;DF;Belgrano;36-350;1989,0;17;17;1468;16,3;1;0;1;1;0;0;2;0;0,06;11;5;45,5;0,67;0,31;0,09;0,2;;;;;;;;;;;;;;0;7;5;1;0;25;22;;;0;0,061;0,0;0,675;1,534;1,35;0,0;0,429
Lisandro Magallán;ar ARG;DF;Vélez Sarsfield;32-324;1993,0;17;17;1465;16,3;0;1;1;0;0;0;3;0;0,06;2;0;0,0;0,12;0,0;0,0;;;;;;;;;;;;;;;0;13;4;0;0;12;18;;;0;0,0;0,061;0,123;0,736;1,104;0,0;0,798
Lisandro Piñero;ar ARG;MF;Banfield;19-033;2007,0;15;5;552;6,1;0;0;0;0;0;0;3;0;0,0;5;0;0,0;0,82;0,0;0,0;;;;;;;;;;;;;;;0;7;24;2;14;2;7;;;0;0,0;0,0;0,82;0,328;1,148;2,295;1,148
Luca Feler;ar ARG;MF;Vélez Sarsfield;18-203;2008,0;6;1;104;1,2;0;0;0;0;0;0;0;0;0,0;1;1;100,0;0,87;0,87;0,0;0,0;;;;;;;;;;;;;;0;0;2;0;3;0;0;;;0;0,0;0,0;0,833;0,0;0,0;2,5;0,0
Luca Klimowicz;ar ARG;FW;Instituto;22-090;2004,0;2;0;11;0,1;0;0;0;0;0;0;0;0;0,0;0;0;;0,0;0,0;;;;;;;;;;;;;;;;0;1;2;1;0;0;1;;;0;0,0;0,0;0,0;0,0;10,0;0,0;10,0
Luca Rafaelli;;MF;Instituto;;;9;1;247;2,7;1;1;2;1;0;0;2;0;0,73;6;2;33,3;2,19;0,73;0,17;0,5;;;;;;;;;;;;;;0;6;5;0;9;1;3;;;0;0,37;0,37;2,222;0,37;1,111;3,333;2,222
Luca Raffin;py PAR;DF;Rosario Central;20-216;2006,0;8;2;215;2,4;0;0;0;0;0;0;0;0;0,0;0;0;;0,0;0,0;;;;;;;;;;;;;;;;0;3;1;0;0;4;3;;;0;0,0;0,0;0,0;1,667;1,25;0,0;1,25
Luca Regiardo;ar ARG;MF;Newell's;19-298;2006,0;16;16;1414;15,7;1;0;1;1;0;0;7;0;0,06;7;1;14,3;0,45;0,06;0,14;1,0;;;;;;;;;;;;;;0;24;8;0;3;32;24;;;0;0,064;0,0;0,446;2,038;1,529;0,191;1,529
Lucas Acosta;ar ARG;GK;Aldosivi;31-158;1995,0;2;2;180;2,0;0;0;0;0;0;0;0;0;0,0;0;0;;0,0;0,0;;;2,0;1,0;7,0;5,0;71,4;0,0;1,0;1,0;1,0;50,0;0,0;0,0;0,0;0;0;0;0;0;0;0;;;0;0,0;0,0;0,0;0,0;0,0;0,0;0,0
Lucas Alario;ar ARG;FW;Estudiantes–LP;33-313;1992,0;6;1;136;1,5;1;0;1;1;0;0;0;0;0,66;3;1;33,3;1,99;0,66;0,33;1,0;;;;;;;;;;;;;;0;2;4;1;0;1;0;;;0;0,667;0,0;2,0;0,667;0,0;0,0;1,333
Lucas Ayala;ar ARG;DF;Unión;19-187;2007,0;3;3;224;2,5;0;0;0;0;0;0;0;0;0,0;2;0;0,0;0,8;0,0;0,0;;;;;;;;;;;;;;;0;2;2;0;4;3;5;;;0;0,0;0,0;0,8;1,2;2,0;1,6;0,8
Lucas Beltrán;ar ARG;FW;River Plate;25-141;2001,0;5;3;284;3,2;0;0;0;0;0;0;0;0;0,0;6;3;50,0;1,9;0,95;0,0;0,0;;;;;;;;;;;;;;0;4;6;0;1;0;2;;;0;0,0;0,0;1,875;0,0;0,625;0,312;1,25
Lucas Besozzi;ar ARG;MF;Lanús;23-207;2003,0;16;4;483;5,4;0;2;2;0;0;0;0;0;0,37;7;3;42,9;1,3;0,56;0,0;0,0;;;;;;;;;;;;;;0;2;8;1;26;5;6;;;0;0,0;0,37;1,296;0,926;1,111;4,815;0,37
Lucas Blondel;ch SUI;DFMF;Huracán;29-337;1996,0;13;12;1079;12,0;1;0;1;1;0;0;3;0;0,08;20;3;15,0;1,67;0,25;0,05;0,33;;;;;;;;;;;;;;0;14;11;0;28;20;20;;;0;0,083;0,0;1,667;1,667;1,667;2,333;1,167
Lucas Bruera;ar ARG;GK;Estudiantes–RC;28-302;1997,0;4;4;360;4,0;0;0;0;0;0;0;0;0;0,0;0;0;;0,0;0,0;;;5,0;1,25;18,0;13,0;72,2;1,0;1,0;2,0;2,0;50,0;1,0;0,0;0,0;0;0;0;0;1;0;0;;;0;0,0;0,0;0,0;0,0;0,0;0,25;0,0
Lucas Carrizo;ar ARG;DFMF;Huracán;29-089;1997,0;14;11;1090;12,1;0;0;0;0;0;0;3;1;0,0;4;1;25,0;0,33;0,08;0,0;0,0;;;;;;;;;;;;;;0;8;25;0;6;10;19;;;0;0,0;0,0;0,331;0,826;1,57;0,496;0,661
Lucas Carrizo;ar ARG;DF;Newell's;29-089;1997,0;1;1;90;1,0;0;0;0;0;0;0;0;0;0,0;0;0;;0,0;0,0;;;;;;;;;;;;;;;;0;0;2;0;1;1;2;;;0;0,0;0,0;0,0;1,0;2,0;1,0;0,0
Lucas Castro;ar ARG;MF;Aldosivi;37-130;1989,0;5;5;402;4,5;0;0;0;0;0;0;0;0;0,0;5;2;40,0;1,12;0,45;0,0;0,0;;;;;;;;;;;;;;0;5;3;0;10;8;5;;;0;0,0;0,0;1,111;1,778;1,111;2,222;1,111
Lucas Castro;ar ARG;MF;Gimnasia–LP;37-130;1989,0;11;3;295;3,3;0;0;0;0;0;0;0;0;0,0;9;0;0,0;2,75;0,0;0,0;;;;;;;;;;;;;;;0;2;6;0;4;0;10;;;0;0,0;0,0;2,727;0,0;3,03;1,212;0,606
Lucas Gabriel Silva;ar ARG;MF;River Plate;19-172;2007,0;2;2;170;1,9;0;0;0;0;0;0;1;0;0,0;1;0;0,0;0,53;0,0;0,0;;;;;;;;;;;;;;;0;1;2;0;0;2;0;;;0;0,0;0,0;0,526;1,053;0,0;0,0;0,526
Lucas Gamba;ar ARG;MF;Barracas Central;39-054;1987,0;6;1;133;1,5;1;0;1;1;0;0;0;0;0,68;4;2;50,0;2,71;1,35;0,25;0,5;;;;;;;;;;;;;;0;1;3;1;9;0;0;;;0;0,667;0,0;2,667;0,0;0,0;6,0;0,667
Lucas González;ar ARG;MF;C. Córdoba–SdE;26-075;2000,0;19;15;1194;13,3;0;0;0;0;0;0;4;0;0,0;21;1;4,8;1,58;0,08;0,0;0,0;;;;;;;;;;;;;;0;16;22;0;16;5;15;;;0;0,0;0,0;1,579;0,376;1,128;1,203;1,203
Lucas González;ar ARG;FW;Estudiantes–RC;29-023;1997,0;4;0;103;1,1;0;0;0;0;0;0;0;0;0,0;3;1;33,3;2,62;0,87;0,0;0,0;;;;;;;;;;;;;;0;3;2;1;2;1;0;;;0;0,0;0,0;2,727;0,909;0,0;1,818;2,727
Lucas Gómez;ar ARG;MF;Arg Juniors;22-061;2004,0;9;2;271;3,0;0;0;0;0;0;0;0;0;0,0;1;0;0,0;0,33;0,0;0,0;;;;;;;;;;;;;;;0;5;5;0;3;2;2;;;0;0,0;0,0;0,333;0,667;0,667;1,0;1,667
Lucas Gómez;ar ARG;MF;Newell's;22-061;2004,0;1;0;7;0,1;0;0;0;0;0;0;0;0;0,0;0;0;;0,0;0,0;;;;;;;;;;;;;;;;0;1;0;0;0;0;0;;;0;0,0;0,0;0,0;0,0;0,0;0,0;10,0
Lucas Janson;ar ARG;FWMF;Boca Juniors;32-001;1994,0;3;3;182;2,0;0;0;0;0;0;0;1;0;0,0;2;2;100,0;0,99;0,99;0,0;0,0;;;;;;;;;;;;;;0;7;6;1;1;0;1;;;0;0,0;0,0;1,0;0,0;0,5;0,5;3,5
Lucas Janson;ar ARG;FWMF;Gimnasia–LP;32-001;1994,0;2;0;47;0,5;0;0;0;0;0;0;0;0;0,0;2;0;0,0;3,83;0,0;0,0;;;;;;;;;;;;;;;0;1;1;0;0;0;0;;;0;0,0;0,0;4,0;0,0;0,0;0,0;2,0
Lucas Lamella;ar ARG;DF;Gimnasia–LP;16-249;2009,0;1;0;4;0,0;0;0;0;0;0;0;0;0;0,0;0;0;;0,0;0,0;;;;;;;;;;;;;;;;0;0;0;0;0;0;0;;;0;;;;;;;
Lucas Martínez Quarta;ar ARG;DF;River Plate;30-099;1996,0;20;20;1790;19,9;1;0;1;1;0;0;6;0;0,05;22;5;22,7;1,11;0,25;0,05;0,2;;;;;;;;;;;;;;0;20;17;2;2;36;22;;;0;0,05;0,0;1,106;1,809;1,106;0,101;1,005
Lucas Menossi;ar ARG;MF;Unión;34-037;1992,0;8;5;492;5,5;3;0;3;3;0;0;2;0;0,55;8;5;62,5;1,46;0,91;0,38;0,6;;;;;;;;;;;;;;0;10;6;0;2;6;11;;;0;0,545;0,0;1,455;1,091;2,0;0,364;1,818
Lucas Palavecino;ar ARG;MF;Banfield;22-303;2003,0;3;0;85;0,9;0;0;0;0;0;0;0;0;0,0;1;1;100,0;1,06;1,06;0,0;0,0;;;;;;;;;;;;;;0;0;2;0;0;1;1;;;0;0,0;0,0;1,111;1,111;1,111;0,0;0,0
Lucas Passerini;ar ARG;FW;Belgrano;32-032;1994,0;16;6;721;8,0;1;4;5;1;0;1;1;0;0,62;23;8;34,8;2,87;1,0;0,04;0,11;;;;;;;;;;;;;;0;23;19;8;2;2;6;;;0;0,125;0,5;2,875;0,25;0,75;0,25;2,875
Lucas Piovi;ar ARG;MF;Estudiantes–LP;33-362;1992,0;18;18;1475;16,4;1;1;2;1;0;0;4;0;0,12;15;5;33,3;0,92;0,31;0,07;0,2;;;;;;;;;;;;;;0;26;7;0;8;14;34;;;0;0,061;0,061;0,915;0,854;2,073;0,488;1,585
Lucas Ramos;ar ARG;MF;Rosario Central;20-216;2006,0;2;1;94;1,0;0;0;0;0;0;0;0;0;0,0;1;1;100,0;0,96;0,96;0,0;0,0;;;;;;;;;;;;;;0;1;2;0;0;2;4;;;0;0,0;0,0;1,0;2,0;4,0;0,0;1,0
Lucas Robertone;ar ARG;MF;Vélez Sarsfield;29-152;1997,0;18;10;934;10,4;1;1;2;1;0;0;7;1;0,19;16;4;25,0;1,54;0,39;0,06;0,25;;;;;;;;;;;;;;1;17;16;0;12;16;20;;;0;0,096;0,096;1,538;1,538;1,923;1,154;1,635
Lucas Rodríguez;ar ARG;DFMF;Aldosivi;32-324;1993,0;11;8;721;8,0;0;1;1;0;0;0;0;0;0,12;5;1;20,0;0,62;0,12;0,0;0,0;;;;;;;;;;;;;;0;9;8;0;48;7;11;;;0;0,0;0,125;0,625;0,875;1,375;6,0;1,125
Lucas Souto;ar ARG;DFMF;Defensa;27-310;1998,0;18;18;1498;16,6;1;0;1;1;0;0;0;0;0,06;7;2;28,6;0,42;0,12;0,14;0,5;;;;;;;;;;;;;;0;19;6;0;11;38;12;;;0;0,06;0,0;0,422;2,289;0,723;0,663;1,145
Lucas Suárez;ar ARG;DF;Sarmiento–J;31-153;1995,0;16;13;1090;12,1;1;0;1;1;0;0;1;0;0,08;8;3;37,5;0,66;0,25;0,13;0,33;;;;;;;;;;;;;;0;15;11;2;17;15;17;;;1;0,083;0,0;0,661;1,24;1,405;1,405;1,24
Lucas Varaldo;ar ARG;FW;C. Córdoba–SdE;24-174;2002,0;13;5;405;4,5;0;0;0;0;0;0;2;0;0,0;8;2;25,0;1,78;0,44;0,0;0,0;;;;;;;;;;;;;;0;4;2;0;1;1;2;;;0;0,0;0,0;1,778;0,222;0,444;0,222;0,889
Lucas Zelarayán;am ARM;MFFW;Belgrano;34-058;1992,0;18;17;1468;16,3;4;2;6;4;0;0;2;0;0,37;36;11;30,6;2,21;0,67;0,11;0,36;;;;;;;;;;;;;;0;17;25;3;71;4;11;;;0;0,245;0,123;2,209;0,245;0,675;4,356;1,043
Luciano Agustin Bonomo Garcia;ar ARG;MF;Belgrano;34-228;1992,0;1;0;3;0,0;0;0;0;0;0;0;0;0;0,0;0;0;;0,0;0,0;;;;;;;;;;;;;;;;0;1;0;0;1;0;0;;;0;;;;;;;
Luciano Cabral;cl CHI;MF;Independiente;31-113;1995,0;10;2;260;2,9;1;0;1;1;0;0;1;1;0,35;7;2;28,6;2,42;0,69;0,14;0,5;;;;;;;;;;;;;;0;3;6;1;10;1;1;;;0;0,345;0,0;2,414;0,345;0,345;3,448;1,034
Luciano Cingolani;ar ARG;FW;Gimnasia–M;25-133;2001,0;11;1;402;4,5;1;1;2;1;0;0;1;0;0,45;9;9;100,0;2,01;2,01;0,11;0,11;;;;;;;;;;;;;;0;4;12;0;23;3;7;;;0;0,222;0,222;2,0;0,667;1,556;5,111;0,889
Luciano Giménez;ar ARG;FW;Huracán;26-180;2000,0;6;1;109;1,2;0;0;0;0;0;0;3;0;0,0;2;2;100,0;1,65;1,65;0,0;0,0;;;;;;;;;;;;;;0;2;2;0;0;0;0;;;0;0,0;0,0;1,667;0,0;0,0;0,0;1,667
Luciano Giménez;ar ARG;FW;Platense;26-180;2000,0;3;2;173;1,9;0;0;0;0;0;0;0;0;0,0;2;1;50,0;1,04;0,52;0,0;0,0;;;;;;;;;;;;;;0;6;2;0;0;3;2;;;0;0,0;0,0;1,053;1,579;1,053;0,0;3,158
Luciano González;uy URU;FW;Defensa;20-228;2006,0;4;0;130;1,4;0;0;0;0;0;0;0;0;0,0;3;1;33,3;2,08;0,69;0,0;0,0;;;;;;;;;;;;;;0;2;3;0;0;0;1;;;0;0,0;0,0;2,143;0,0;0,714;0,0;1,429
Luciano Gómez;ar ARG;DF;Ind. Rivadavia;30-148;1996,0;14;6;655;7,3;1;2;3;1;0;0;1;0;0,41;5;3;60,0;0,69;0,41;0,2;0,33;;;;;;;;;;;;;;0;13;12;0;28;3;14;;;0;0,137;0,274;0,685;0,411;1,918;3,836;1,781
Luciano Paredes;ar ARG;DFMF;Gimnasia–M;23-342;2002,0;16;12;1044;11,6;1;0;1;1;0;0;0;0;0,09;9;3;33,3;0,78;0,26;0,11;0,33;;;;;;;;;;;;;;0;7;6;0;32;15;18;;;1;0,086;0,0;0,776;1,293;1,552;2,759;0,603
Luciano Ramón Herrera;ar ARG;MFFW;Newell's;30-078;1996,0;16;10;833;9,3;0;1;1;0;0;0;4;0;0,11;18;7;38,9;1,94;0,76;0,0;0,0;;;;;;;;;;;;;;0;32;17;8;22;5;6;;;0;0,0;0,108;1,935;0,538;0,645;2,366;3,441
Luciano Romero;ar ARG;DF;Lanús;20-226;2006,0;1;1;79;0,9;0;0;0;0;0;0;0;0;0,0;0;0;;0,0;0,0;;;;;;;;;;;;;;;;0;1;0;0;1;1;0;;;0;0,0;0,0;0,0;1,111;0,0;1,111;1,111
Luciano Sábato;ar ARG;FW;Ind. Rivadavia;18-083;2008,0;2;1;85;0,9;0;0;0;0;0;0;2;0;0,0;3;1;33,3;3,18;1,06;0,0;0,0;;;;;;;;;;;;;;0;2;0;3;0;0;0;;;0;0,0;0,0;3,333;0,0;0,0;0,0;2,222
Luciano Vallejo;ar ARG;DF;Atlé Tucumán;22-080;2004,0;10;8;698;7,8;1;0;1;1;0;0;3;1;0,13;4;2;50,0;0,52;0,26;0,25;0,5;;;;;;;;;;;;;;1;9;5;0;5;5;10;;;0;0,128;0,0;0,513;0,641;1,282;0,641;1,154
Luciano Vietto;ar ARG;MFFW;CA San Lorenzo;32-255;1993,0;11;4;483;5,4;2;0;2;2;0;0;3;0;0,37;12;6;50,0;2,24;1,12;0,17;0,33;;;;;;;;;;;;;;0;8;4;1;21;1;4;;;0;0,37;0,0;2,222;0,185;0,741;3,889;1,481
Luis Angulo;co COL;MF;Talleres–C;22-147;2004,0;1;0;13;0,1;0;0;0;0;0;0;0;0;0,0;0;0;;0,0;0,0;;;;;;;;;;;;;;;;0;0;0;0;1;0;1;;;0;0,0;0,0;0,0;0,0;10,0;10,0;0,0
Luis Ingolotti;ar ARG;GK;Atlé Tucumán;26-215;2000,0;20;20;1800;20,0;0;1;1;0;0;0;1;0;0,05;0;0;;0,0;0,0;;;22,0;1,1;62,0;40,0;64,5;4,0;7,0;9,0;8,0;40,0;3,0;1,0;0,0;0;0;1;0;0;0;0;;;0;0,0;0,05;0,0;0,0;0,0;0,0;0,0
Luis Sequeira;ar ARG;MF;Ind. Rivadavia;23-221;2003,0;4;0;113;1,3;0;0;0;0;0;0;0;0;0,0;3;1;33,3;2,39;0,8;0,0;0,0;;;;;;;;;;;;;;0;2;1;0;13;1;2;;;0;0,0;0,0;2,308;0,769;1,538;10,0;1,538
Maher Carrizo;ar ARG;MF;Vélez Sarsfield;20-179;2006,0;1;0;45;0,5;0;0;0;0;0;0;0;0;0,0;1;0;0,0;2,0;0,0;0,0;;;;;;;;;;;;;;;0;2;2;0;1;0;0;;;0;0,0;0,0;2,0;0,0;0,0;2,0;4,0
Maizon Rodríguez;uy URU;DF;Unión;23-087;2003,0;19;19;1640;18,2;1;0;1;1;0;0;3;0;0,05;13;2;15,4;0,71;0,11;0,08;0,5;;;;;;;;;;;;;;0;19;6;0;1;21;15;;;0;0,055;0,0;0,714;1,154;0,824;0,055;1,044
Malcom Braida;ar ARG;DF;Boca Juniors;29-092;1997,0;6;5;443;4,9;0;0;0;0;0;0;0;0;0,0;1;0;0,0;0,2;0,0;0,0;;;;;;;;;;;;;;;0;4;5;1;21;11;11;;;0;0,0;0,0;0,204;2,245;2,245;4,286;0,816
Manuel Agustín Duarte;ar ARG;MF;Barracas Central;24-359;2001,0;5;0;97;1,1;0;0;0;0;0;0;0;0;0,0;4;0;0,0;3,71;0,0;0,0;;;;;;;;;;;;;;;0;0;1;2;7;2;0;;;0;0,0;0,0;3,636;1,818;0,0;6,364;0,0
Manuel Brondo;ar ARG;FW;Atlé Tucumán;24-173;2002,0;9;0;133;1,5;0;0;0;0;0;0;0;0;0,0;4;2;50,0;2,71;1,35;0,0;0,0;;;;;;;;;;;;;;0;4;7;1;1;1;2;;;0;0,0;0,0;2,667;0,667;1,333;0,667;2,667
Manuel Fernández;ar ARG;FW;Tigre;21-313;2004,0;6;0;55;0,6;0;0;0;0;0;0;0;0;0,0;3;0;0,0;4,91;0,0;0,0;;;;;;;;;;;;;;;0;1;1;1;5;0;2;;;0;0,0;0,0;5,0;0,0;3,333;8,333;1,667
Manuel García;ar ARG;MFDF;Sarmiento–J;27-067;1999,0;14;9;875;9,7;0;0;0;0;0;0;3;0;0,0;2;0;0,0;0,21;0,0;0,0;;;;;;;;;;;;;;;0;26;4;0;5;11;16;;;0;0,0;0,0;0,206;1,134;1,649;0,515;2,68
Manuel Insaurralde;ar ARG;MF;CA San Lorenzo;27-198;1999,0;8;7;528;5,9;1;0;1;1;0;0;1;0;0,17;3;2;66,7;0,51;0,34;0,33;0,5;;;;;;;;;;;;;;0;6;9;0;2;8;8;;;0;0,169;0,0;0,508;1,356;1,356;0,339;1,017
Manuel Lanzini;ar ARG;MF;Vélez Sarsfield;33-183;1993,0;20;19;1494;16,6;4;0;4;4;0;0;1;0;0,24;26;10;38,5;1,57;0,6;0,15;0,4;;;;;;;;;;;;;;0;13;40;1;58;10;13;;;0;0,241;0,0;1,566;0,602;0,783;3,494;0,783
Manuel Mónaco;ar ARG;MF;Sarmiento–J;24-098;2002,0;1;0;26;0,3;0;0;0;0;0;0;1;0;0,0;0;0;;0,0;0,0;;;;;;;;;;;;;;;;0;1;1;0;0;0;0;;;0;0,0;0,0;0,0;0,0;0,0;0,0;3,333
Manuel Panaro;ar ARG;MFFW;Gimnasia–LP;23-232;2002,0;17;10;857;9,5;1;1;2;1;0;0;3;1;0,21;16;4;25,0;1,68;0,42;0,06;0,25;;;;;;;;;;;;;;0;11;20;4;21;5;6;;;0;0,105;0,105;1,684;0,526;0,632;2,211;1,158
Manuel Roffo;ar ARG;GK;Instituto;26-135;2000,0;16;16;1440;16,0;0;0;0;0;0;0;1;0;0,0;0;0;;0,0;0,0;;;17,0;1,06;54,0;37,0;68,5;6,0;3,0;7,0;4,0;25,0;0,0;0,0;0,0;0;0;3;0;0;0;0;;;0;0,0;0,0;0,0;0,0;0,0;0,0;0,0
Manuel Tucker;ar ARG;FW;Platense;21-290;2004,0;4;0;61;0,7;0;0;0;0;0;0;0;0;0,0;1;1;100,0;1,48;1,48;0,0;0,0;;;;;;;;;;;;;;0;0;7;0;5;0;0;;;0;0,0;0,0;1,429;0,0;0,0;7,143;0,0
Manuel Vicentini;ar ARG;GK;Belgrano;36-120;1990,0;1;1;90;1,0;0;0;0;0;0;0;0;0;0,0;0;0;;0,0;0,0;;;1,0;1,0;3,0;2,0;66,7;1,0;0,0;0,0;0,0;0,0;0,0;0,0;0,0;0;0;2;0;1;0;0;;;0;0,0;0,0;0,0;0,0;0,0;1,0;0,0
Marcelino Moreno;ar ARG;MF;Lanús;32-053;1994,0;8;5;530;5,9;3;1;4;3;0;0;0;0;0,68;23;13;56,5;3,91;2,21;0,13;0,23;;;;;;;;;;;;;;0;4;11;1;27;1;1;;;0;0,508;0,169;3,898;0,169;0,169;4,576;0,678
Marcelo Cabrera;ar ARG;DF;Rosario Central;19-341;2006,0;2;0;33;0,4;0;0;0;0;0;0;0;0;0,0;2;1;50,0;5,45;2,73;0,0;0,0;;;;;;;;;;;;;;0;1;0;0;2;0;0;;;0;0,0;0,0;5,0;0,0;0,0;5,0;2,5
Marcelo Esponda;ar ARG;MF;Newell's;23-215;2003,0;6;2;201;2,2;0;0;0;0;0;0;0;0;0,0;2;1;50,0;0,9;0,45;0,0;0,0;;;;;;;;;;;;;;0;6;2;0;0;3;1;;;0;0,0;0,0;0,909;1,364;0,455;0,0;2,727
Marcelo Estigarribia;ar ARG;FW;Unión;31-129;1995,0;19;14;1313;14,6;4;1;5;2;2;2;5;0;0,21;56;20;35,7;3,84;1,37;0,07;0,18;;;;;;;;;;;;;;0;26;14;15;18;0;5;;;0;0,274;0,068;3,836;0,0;0,342;1,233;1,781
Marcelo Miño;ar ARG;GK;Barracas Central;28-361;1997,0;16;16;1429;15,9;0;0;0;0;0;0;1;0;0,0;0;0;;0,0;0,0;;;12,0;0,76;76,0;64,0;84,2;6,0;4,0;6,0;6,0;37,5;0,0;0,0;0,0;0;0;7;0;0;0;0;;;0;0,0;0,0;0,0;0,0;0,0;0,0;0,0
Marcelo Torres;ar ARG;FW;Gimnasia–LP;28-284;1997,0;17;17;1288;14,3;7;1;8;5;2;3;0;0;0,42;25;14;56,0;1,75;0,98;0,25;0,41;;;;;;;;;;;;;;0;16;7;9;1;3;0;;;0;0,49;0,07;1,748;0,21;0,0;0,07;1,119
Marcelo Weigandt;ar ARG;DF;Boca Juniors;26-218;2000,0;10;7;730;8,1;0;0;0;0;0;0;0;0;0,0;3;1;33,3;0,37;0,12;0,0;0,0;;;;;;;;;;;;;;0;7;4;0;27;17;8;;;0;0,0;0,0;0,37;2,099;0,988;3,333;0,864
Marco Di Cesare;ar ARG;DF;Racing Club;24-199;2002,0;15;13;1171;13,0;2;0;2;2;0;0;7;1;0,15;11;3;27,3;0,85;0,23;0,18;0,67;;;;;;;;;;;;;;1;16;6;0;1;21;12;;;0;0,154;0,0;0,846;1,615;0,923;0,077;1,231
Marco Iacobellis;ar ARG;MFFW;C. Córdoba–SdE;26-233;1999,0;16;7;652;7,2;0;1;1;0;0;0;3;0;0,14;17;4;23,5;2,35;0,55;0,0;0,0;;;;;;;;;;;;;;0;13;15;0;39;6;7;;;0;0,0;0,139;2,361;0,833;0,972;5,417;1,806
Marco Pellegrino;ar ARG;DF;Boca Juniors;24-030;2002,0;8;7;630;7,0;0;0;0;0;0;0;0;0;0,0;2;0;0,0;0,29;0,0;0,0;;;;;;;;;;;;;;;0;1;3;0;0;7;9;;;0;0,0;0,0;0,286;1,0;1,286;0,0;0,143
Marco Rivas;pe PER;MF;Tigre;18-094;2008,0;1;0;16;0,2;0;0;0;0;0;0;0;0;0,0;1;0;0,0;5,63;0,0;0,0;;;;;;;;;;;;;;;0;0;0;0;0;0;0;;;0;0,0;0,0;5,0;0,0;0,0;0,0;0,0
Marcos Acuña;ar ARG;DF;River Plate;34-293;1991,0;13;11;987;11,0;0;1;1;0;0;0;7;0;0,09;11;2;18,2;1,0;0,18;0,0;0,0;;;;;;;;;;;;;;0;9;11;0;61;11;17;;;0;0,0;0,091;1,0;1,0;1,545;5,545;0,818
Marcos Ignacio Ledesma;ar ARG;GK;Instituto;29-336;1996,0;5;5;450;5,0;0;0;0;0;0;0;0;0;0,0;0;0;;0,0;0,0;;;2,0;0,4;11,0;9,0;81,8;4,0;0,0;1,0;3,0;60,0;0,0;0,0;0,0;0;0;1;0;0;1;0;;;0;0,0;0,0;0,0;0,2;0,0;0,0;0,0
Marcos López;ar ARG;DF;Banfield;19-308;2006,0;1;0;9;0,1;0;0;0;0;0;0;1;0;0,0;0;0;;0,0;0,0;;;;;;;;;;;;;;;;0;2;0;0;0;0;0;;;0;0,0;0,0;0,0;0,0;0,0;0,0;20,0
Marcos Ortiz;ar ARG;MF;Belgrano;17-227;2009,0;1;0;3;0,0;0;0;0;0;0;0;0;0;0,0;0;0;;0,0;0,0;;;;;;;;;;;;;;;;0;0;1;0;0;0;0;;;0;;;;;;;
Marcos Rojo;ar ARG;DF;Racing Club;36-150;1990,0;11;10;819;9,1;0;0;0;0;0;0;4;1;0,0;5;0;0,0;0,55;0,0;0,0;;;;;;;;;;;;;;;0;5;7;1;6;15;7;;;0;0,0;0,0;0,549;1,648;0,769;0,659;0,549
Mariano Bracamonte;ar ARG;DFMF;Dep. Riestra;27-115;1999,0;10;8;709;7,9;1;0;1;1;0;0;2;0;0,13;11;4;36,4;1,4;0,51;0,09;0,25;;;;;;;;;;;;;;0;13;12;0;32;9;14;;;0;0,127;0,0;1,392;1,139;1,772;4,051;1,646
Martín Barrios;uy URU;MF;Platense;27-205;1999,0;12;8;713;7,9;0;0;0;0;0;0;2;0;0,0;10;2;20,0;1,26;0,25;0,0;0,0;;;;;;;;;;;;;;0;13;7;0;8;9;9;;;0;0,0;0,0;1,266;1,139;1,139;1,013;1,646
Martín Benítez;ar ARG;FW;Atlé Tucumán;32-061;1994,0;3;1;95;1,1;1;0;1;0;1;1;0;0;0,0;2;1;50,0;1,89;0,95;0,33;0,5;;;;;;;;;;;;;;0;0;0;0;11;0;3;;;0;0,909;0,0;1,818;0,0;2,727;10,0;0,0
Martín Cuitiño;ar ARG;FW;C. Córdoba–SdE;21-090;2005,0;1;0;13;0,1;0;0;0;0;0;0;0;0;0,0;0;0;;0,0;0,0;;;;;;;;;;;;;;;;0;1;0;0;0;0;0;;;0;0,0;0,0;0,0;0,0;0,0;0,0;10,0
Martín Garay;ar ARG;MFDF;Tigre;27-066;1999,0;14;8;888;9,9;1;1;2;1;0;0;1;0;0,2;7;4;57,1;0,71;0,41;0,14;0,25;;;;;;;;;;;;;;0;10;17;0;28;11;8;;;0;0,101;0,101;0,707;1,111;0,808;2,828;1,01
Martín García;;MFFW;Aldosivi;;;13;6;586;6,5;0;0;0;0;0;0;5;0;0,0;19;4;21,1;2,92;0,61;0,0;0,0;;;;;;;;;;;;;;0;21;14;3;12;4;15;;;0;0,0;0,0;2,923;0,615;2,308;1,846;3,231
Martín Garnerone;ar ARG;MFFW;Estudiantes–RC;27-323;1998,0;16;13;967;10,7;1;0;1;1;0;0;2;0;0,09;18;4;22,2;1,68;0,37;0,06;0,25;;;;;;;;;;;;;;0;11;12;3;43;5;8;;;0;0,093;0,0;1,682;0,467;0,748;4,019;1,028
Martín Luciano;ar ARG;DFMF;Newell's;22-252;2003,0;9;7;501;5,6;0;0;0;0;0;0;3;0;0,0;2;1;50,0;0,36;0,18;0,0;0,0;;;;;;;;;;;;;;0;13;6;0;23;8;10;;;0;0,0;0,0;0,357;1,429;1,786;4,107;2,321
Martín Ortega;ar ARG;DF;Newell's;26-362;1999,0;6;3;352;3,9;0;2;2;0;0;0;1;0;0,51;3;1;33,3;0,77;0,26;0,0;0,0;;;;;;;;;;;;;;0;3;0;1;15;3;4;;;0;0,0;0,513;0,769;0,769;1,026;3,846;0,769
Martín Río;ar ARG;MF;CA San Lorenzo;25-156;2001,0;1;1;52;0,6;0;0;0;0;0;0;0;0;0,0;0;0;;0,0;0,0;;;;;;;;;;;;;;;;0;1;1;0;0;0;0;;;0;0,0;0,0;0,0;0,0;0,0;0,0;1,667
Martín Río;ar ARG;MF;Talleres–C;25-156;2001,0;9;1;159;1,8;1;0;1;1;0;0;1;0;0,57;3;1;33,3;1,7;0,57;0,33;1,0;;;;;;;;;;;;;;0;3;5;0;2;3;4;;;0;0,556;0,0;1,667;1,667;2,222;1,111;1,667
Mateo Aguiar;ar ARG;MF;Defensa;19-152;2007,0;9;0;157;1,7;0;0;0;0;0;0;1;1;0,0;2;1;50,0;1,15;0,57;0,0;0,0;;;;;;;;;;;;;;0;4;6;0;3;2;3;;;0;0,0;0,0;1,176;1,176;1,765;1,765;2,353
Mateo Bajamich;ar ARG;FW;Estudiantes–RC;27-014;1999,0;18;11;964;10,7;1;0;1;1;0;0;0;0;0,09;21;9;42,9;1,96;0,84;0,05;0,11;;;;;;;;;;;;;;0;6;10;3;16;2;5;;;0;0,093;0,0;1,963;0,187;0,467;1,495;0,561
Mateo Caceres;ar ARG;MF;Talleres–C;23-326;2002,0;14;7;647;7,2;0;0;0;0;0;0;2;0;0,0;5;3;60,0;0,7;0,42;0,0;0,0;;;;;;;;;;;;;;0;6;5;0;8;7;9;;;0;0,0;0,0;0,694;0,972;1,25;1,111;0,833
Mateo Del Blanco;ar ARG;DFMF;Unión;22-290;2003,0;16;16;1393;15,5;2;1;3;2;0;0;3;0;0,19;43;11;25,6;2,78;0,71;0,05;0,18;;;;;;;;;;;;;;0;16;27;1;143;22;13;;;0;0,129;0,065;2,774;1,419;0,839;9,226;1,032
Mateo García;ar ARG;FWMF;Newell's;29-341;1996,0;2;0;48;0,5;0;0;0;0;0;0;0;0;0,0;1;1;100,0;1,87;1,87;0,0;0,0;;;;;;;;;;;;;;0;0;1;0;2;0;0;;;0;0,0;0,0;2,0;0,0;0,0;4,0;0,0
Mateo Martínez;ar ARG;DF;Racing Club;18-112;2008,0;1;1;73;0,8;0;0;0;0;0;0;0;0;0,0;0;0;;0,0;0,0;;;;;;;;;;;;;;;;0;1;1;0;1;0;2;;;0;0,0;0,0;0,0;0,0;2,5;1,25;1,25
Mateo Mendía;ar ARG;DF;Platense;22-195;2004,0;6;6;540;6,0;0;0;0;0;0;0;2;0;0,0;4;2;50,0;0,67;0,33;0,0;0,0;;;;;;;;;;;;;;0;8;1;1;0;8;1;;;0;0,0;0,0;0,667;1,333;0,167;0,0;1,333
Mateo Peresutti;ar ARG;MF;Unión;19-241;2006,0;1;0;1;0,0;0;0;0;0;0;0;0;0;0,0;0;0;;0,0;0,0;;;;;;;;;;;;;;;;0;0;0;0;0;0;0;;;0;;;;;;;
Mateo Pérez;ar ARG;MF;Independiente;20-205;2006,0;12;9;699;7,8;0;0;0;0;0;0;2;0;0,0;5;1;20,0;0,64;0,13;0,0;0,0;;;;;;;;;;;;;;0;11;13;0;3;7;12;;;0;0,0;0,0;0,641;0,897;1,538;0,385;1,41
Mateo Ramírez;ar ARG;MF;Dep. Riestra;31-211;1995,0;1;0;16;0,2;0;0;0;0;0;0;1;0;0,0;0;0;;0,0;0,0;;;;;;;;;;;;;;;;0;1;0;0;1;0;0;;;0;0,0;0,0;0,0;0,0;0,0;5,0;5,0
Mateo Seoane;ar ARG;MF;Gimnasia–LP;22-189;2004,0;9;6;525;5,8;0;0;0;0;0;0;2;0;0,0;2;1;50,0;0,34;0,17;0,0;0,0;;;;;;;;;;;;;;0;10;3;0;0;6;9;;;0;0,0;0,0;0,345;1,034;1,552;0,0;1,724
Mathías De Ritis;uy URU;DFMF;CA San Lorenzo;23-198;2003,0;16;15;1111;12,3;0;2;2;0;0;0;6;0;0,16;7;2;28,6;0,57;0,16;0,0;0,0;;;;;;;;;;;;;;0;13;14;0;47;23;17;;;0;0,0;0,163;0,569;1,87;1,382;3,821;1,057
Matias Fonseca;uy URU;FW;Instituto;25-158;2001,0;17;6;578;6,4;1;0;1;1;0;0;2;0;0,16;16;3;18,8;2,49;0,47;0,06;0,33;;;;;;;;;;;;;;0;22;6;4;4;1;3;;;0;0,156;0,0;2,5;0,156;0,469;0,625;3,438
Matias Gomez;ar ARG;MF;Talleres–C;20-267;2005,0;2;1;82;0,9;0;0;0;0;0;0;1;0;0,0;0;0;;0,0;0,0;;;;;;;;;;;;;;;;0;3;0;0;0;2;3;;;0;0,0;0,0;0,0;2,222;3,333;0,0;3,333
Matko Miljevic;us USA;MF;Racing Club;25-100;2001,0;17;13;958;10,6;1;1;2;1;0;0;5;1;0,19;41;12;29,3;3,85;1,13;0,02;0,08;;;;;;;;;;;;;;1;23;28;2;42;10;4;;;0;0,094;0,094;3,868;0,943;0,377;3,962;2,17
Matías Abaldo;uy URU;MFFW;Independiente;22-136;2004,0;19;19;1481;16,5;5;1;6;5;0;0;1;1;0,36;29;16;55,2;1,76;0,97;0,17;0,31;;;;;;;;;;;;;;0;10;8;9;47;3;5;;;0;0,303;0,061;1,758;0,182;0,303;2,848;0,606
Matías Arias;ar ARG;MF;Vélez Sarsfield;19-101;2007,0;5;1;137;1,5;0;1;1;0;0;0;1;0;0,66;3;1;33,3;1,97;0,66;0,0;0,0;;;;;;;;;;;;;;0;3;3;0;4;0;2;;;0;0,0;0,667;2,0;0,0;1,333;2,667;2,0
Matías Borgogno;ar ARG;GK;Defensa;27-361;1998,0;4;4;360;4,0;0;0;0;0;0;0;0;0;0,0;0;0;;0,0;0,0;;;6,0;1,5;22,0;16,0;72,7;2,0;1,0;1,0;0,0;0,0;0,0;0,0;0,0;0;0;1;0;0;0;0;;;0;0,0;0,0;0,0;0,0;0,0;0,0;0,0
Matías Borgogno;ar ARG;GK;Platense;27-361;1998,0;16;16;1440;16,0;0;0;0;0;0;0;1;0;0,0;0;0;;0,0;0,0;;;15,0;0,94;65,0;50,0;76,9;3,0;7,0;6,0;6,0;37,5;1,0;0,0;0,0;0;0;6;0;0;0;0;;;0;0,0;0,0;0,0;0,0;0,0;0,0;0,0
Matías Catalán;cl CHI;DF;Talleres–C;33-363;1992,0;16;15;1278;14,2;0;2;2;0;0;0;1;0;0,14;7;1;14,3;0,49;0,07;0,0;0,0;;;;;;;;;;;;;;0;7;3;1;11;10;13;;;0;0,0;0,141;0,493;0,704;0,915;0,775;0,493
Matías Cóccaro;uy URU;FWMF;Newell's;28-275;1997,0;13;11;749;8,3;3;0;3;2;1;1;2;0;0,24;13;6;46,2;1,56;0,72;0,21;0,43;;;;;;;;;;;;;;0;17;15;4;11;4;7;;;0;0,361;0,0;1,566;0,482;0,843;1,325;2,048
Matías Fernández;ar ARG;MFFW;Ind. Rivadavia;25-055;2001,0;18;17;1269;14,1;3;5;8;3;0;1;6;0;0,57;41;17;41,5;2,91;1,21;0,07;0,17;;;;;;;;;;;;;;0;21;14;11;51;7;7;;;0;0,213;0,355;2,908;0,496;0,496;3,617;1,489
Matías Galarza;ar ARG;MF;Talleres–C;24-166;2002,0;20;18;1639;18,2;0;1;1;0;0;0;3;0;0,05;12;1;8,3;0,66;0,05;0,0;0,0;;;;;;;;;;;;;;0;16;54;0;7;15;24;;;0;0,0;0,055;0,659;0,824;1,319;0,385;0,879
Matías Gallardo;ar ARG;MF;Instituto;22-267;2003,0;14;5;541;6,0;1;0;1;1;0;0;2;0;0,17;10;2;20,0;1,66;0,33;0,1;0,5;;;;;;;;;;;;;;0;8;9;0;19;7;20;;;0;0,167;0,0;1,667;1,167;3,333;3,167;1,333
Matías García;ar ARG;MF;Dep. Riestra;30-279;1995,0;10;6;525;5,8;0;0;0;0;0;0;3;0;0,0;2;0;0,0;0,34;0,0;0,0;;;;;;;;;;;;;;;0;13;6;0;11;10;10;;;0;0,0;0,0;0,345;1,724;1,724;1,897;2,241
Matías Giménez;ar ARG;FW;Arg Juniors;27-164;1999,0;4;0;89;1,0;1;0;1;1;0;0;0;0;1,01;3;2;66,7;3,03;2,02;0,33;0,5;;;;;;;;;;;;;;0;1;1;0;1;0;0;;;0;1,0;0,0;3,0;0,0;0,0;1,0;1,0
Matías Godoy;ar ARG;MF;Aldosivi;24-219;2002,0;5;4;316;3,5;0;0;0;0;0;0;1;0;0,0;2;0;0,0;0,57;0,0;0,0;;;;;;;;;;;;;;;0;4;4;1;9;0;4;;;0;0,0;0,0;0,571;0,0;1,143;2,571;1,143
Matías Hernández;ar ARG;FW;CA San Lorenzo;21-072;2005,0;2;0;54;0,6;0;0;0;0;0;0;0;0;0,0;1;1;100,0;1,67;1,67;0,0;0,0;;;;;;;;;;;;;;0;0;1;0;0;0;0;;;0;0,0;0,0;1,667;0,0;0,0;0,0;0,0
Matías Kranevitter;ar ARG;MF;Racing Club;33-088;1993,0;5;3;269;3,0;0;1;1;0;0;0;3;0;0,33;1;0;0,0;0,33;0,0;0,0;;;;;;;;;;;;;;;0;7;3;1;4;1;2;;;0;0,0;0,333;0,333;0,333;0,667;1,333;2,333
Matías Mansilla;ar ARG;GK;Unión;30-183;1996,0;21;21;1890;21,0;0;0;0;0;0;0;2;0;0,0;0;0;;0,0;0,0;;;28,0;1,33;90,0;62,0;68,9;6,0;7,0;8,0;5,0;23,8;3,0;0,0;0,0;0;0;4;0;0;0;0;;;1;0,0;0,0;0,0;0,0;0,0;0,0;0,0
Matías Melluso;ar ARG;DF;Gimnasia–LP;28-069;1998,0;2;0;25;0,3;0;0;0;0;0;0;0;0;0,0;0;0;;0,0;0,0;;;;;;;;;;;;;;;;0;0;0;0;0;0;0;;;0;0,0;0,0;0,0;0,0;0,0;0,0;0,0
Matías Morello;ar ARG;MFDF;Aldosivi;25-186;2001,0;4;2;236;2,6;0;0;0;0;0;0;1;0;0,0;0;0;;0,0;0,0;;;;;;;;;;;;;;;;0;5;1;0;2;4;1;;;0;0,0;0,0;0,0;1,538;0,385;0,769;1,923
Matías Pellegrini;ar ARG;MF;Vélez Sarsfield;26-098;2000,0;15;13;1007;11,2;3;2;5;3;0;0;5;0;0,45;22;9;40,9;1,97;0,8;0,14;0,33;;;;;;;;;;;;;;0;16;17;2;31;3;15;;;0;0,268;0,179;1,964;0,268;1,339;2,768;1,429
Matías Reali;ar ARG;MFFW;CA San Lorenzo;28-276;1997,0;11;6;580;6,4;0;1;1;0;0;0;1;0;0,16;12;6;50,0;1,86;0,93;0,0;0,0;;;;;;;;;;;;;;0;8;15;1;62;8;9;;;0;0,0;0,156;1,875;1,25;1,406;9,688;1,25
Matías Recalde;ar ARG;DF;Gimnasia–M;29-039;1997,0;15;7;818;9,1;0;0;0;0;0;0;3;0;0,0;7;3;42,9;0,77;0,33;0,0;0,0;;;;;;;;;;;;;;0;11;13;0;27;20;14;;;0;0,0;0,0;0,769;2,198;1,538;2,967;1,209
Matías Ruíz Díaz;ar ARG;DF;Estudiantes–RC;29-342;1996,0;3;3;270;3,0;0;0;0;0;0;0;0;0;0,0;0;0;;0,0;0,0;;;;;;;;;;;;;;;;0;1;2;0;12;0;3;;;0;0,0;0,0;0,0;0,0;1,0;4,0;0,333
Matías Salvo;ar ARG;DF;Ind. Rivadavia;21-279;2004,0;1;0;7;0,1;0;0;0;0;0;0;0;0;0,0;0;0;;0,0;0,0;;;;;;;;;;;;;;;;0;0;0;0;1;0;0;;;0;0,0;0,0;0,0;0,0;0,0;10,0;0,0
Matías Sepúlveda;cl CHI;MF;Lanús;27-158;1999,0;16;8;697;7,7;0;1;1;0;0;0;4;0;0,13;14;2;14,3;1,81;0,26;0,0;0,0;;;;;;;;;;;;;;0;11;17;0;61;7;5;;;0;0,0;0,13;1,818;0,909;0,649;7,922;1,429
Matías Tissera;ar ARG;FW;Instituto;29-345;1996,0;11;5;493;5,5;2;0;2;2;0;0;0;0;0,37;17;9;52,9;3,1;1,64;0,12;0,22;;;;;;;;;;;;;;0;7;8;2;4;0;1;;;0;0,364;0,0;3,091;0,0;0,182;0,727;1,273
Matías Valenti;ar ARG;DF;Estudiantes–RC;23-348;2002,0;13;12;996;11,1;0;1;1;0;0;0;5;0;0,09;4;0;0,0;0,36;0,0;0,0;;;;;;;;;;;;;;;0;12;2;2;4;13;11;;;0;0,0;0,09;0,36;1,171;0,991;0,36;1,081
Matías Vera;ar ARG;MF;C. Córdoba–SdE;30-295;1995,0;20;19;1629;18,1;0;1;1;0;0;0;5;0;0,06;14;3;21,4;0,77;0,17;0,0;0,0;;;;;;;;;;;;;;0;22;17;1;36;14;35;;;0;0,0;0,055;0,773;0,773;1,934;1,989;1,215
Matías Viña;uy URU;DFMF;River Plate;28-281;1997,0;8;5;402;4,5;0;0;0;0;0;0;6;1;0,0;6;1;16,7;1,34;0,22;0,0;0,0;;;;;;;;;;;;;;1;9;5;0;19;5;5;;;0;0,0;0,0;1,333;1,111;1,111;4,222;2,0
Mauricio Cardillo;ar ARG;MF;CA San Lorenzo;23-159;2003,0;9;2;308;3,4;0;0;0;0;0;0;0;0;0,0;5;2;40,0;1,46;0,58;0,0;0,0;;;;;;;;;;;;;;0;3;3;0;6;5;5;;;0;0,0;0,0;1,471;1,471;1,471;1,765;0,882
Mauricio Martínez;ar ARG;MF;Sarmiento–J;33-178;1993,0;16;10;1051;11,7;1;0;1;1;0;0;3;0;0,09;20;6;30,0;1,71;0,51;0,05;0,17;;;;;;;;;;;;;;0;3;9;0;16;12;17;;;0;0,085;0,0;1,709;1,026;1,453;1,368;0,256
Mauricio Tévez;ar ARG;FW;Estudiantes–RC;30-017;1996,0;2;0;38;0,4;0;0;0;0;0;0;0;0;0,0;2;0;0,0;4,74;0,0;0,0;;;;;;;;;;;;;;;0;0;0;0;0;1;0;;;0;0,0;0,0;5,0;2,5;0,0;0,0;0,0
Mauro Arambarri;uy URU;MF;River Plate;30-321;1995,0;2;1;69;0,8;0;0;0;0;0;0;1;0;0,0;1;0;0,0;1,3;0,0;0,0;;;;;;;;;;;;;;;0;4;3;0;1;0;2;;;0;0,0;0,0;1,25;0,0;2,5;1,25;5,0
Mauro Da Luz;uy URU;FWMF;Aldosivi;31-285;1994,0;3;0;80;0,9;0;0;0;0;0;0;0;0;0,0;2;0;0,0;2,25;0,0;0,0;;;;;;;;;;;;;;;0;2;0;0;2;0;2;;;0;0,0;0,0;2,222;0,0;2,222;2,222;2,222
Mauro Luna Diale;ar ARG;FWMF;Platense;27-113;1999,0;1;0;12;0,1;0;0;0;0;0;0;0;0;0,0;0;0;;0,0;0,0;;;;;;;;;;;;;;;;0;0;0;0;0;0;0;;;0;0,0;0,0;0,0;0,0;0,0;0,0;0,0
Mauro Luna Diale;ar ARG;FWMF;Unión;27-113;1999,0;3;0;118;1,3;0;0;0;0;0;0;0;0;0,0;1;0;0,0;0,76;0,0;0,0;;;;;;;;;;;;;;;0;3;2;0;2;0;5;;;0;0,0;0,0;0,769;0,0;3,846;1,538;2,308
Mauro Méndez;uy URU;FW;Banfield;27-212;1999,0;16;16;1372;15,2;6;3;9;6;0;0;3;0;0,59;31;12;38,7;2,03;0,79;0,19;0,5;;;;;;;;;;;;;;0;20;28;11;2;0;3;;;0;0,395;0,197;2,039;0,0;0,197;0,132;1,316
Mauro Méndez;uy URU;FW;Tigre;27-212;1999,0;1;1;79;0,9;0;0;0;0;0;0;0;0;0,0;3;1;33,3;3,42;1,14;0,0;0,0;;;;;;;;;;;;;;0;2;1;0;1;0;0;;;0;0,0;0,0;3,333;0,0;0,0;1,111;2,222
Mauro Pittón;ar ARG;MF;Unión;32-009;1994,0;16;16;1399;15,5;0;0;0;0;0;0;5;0;0,0;14;2;14,3;0,9;0,13;0,0;0,0;;;;;;;;;;;;;;0;14;20;1;8;19;17;;;0;0,0;0,0;0,903;1,226;1,097;0,516;0,903
Mauro Smarra Vargas;ar ARG;FW;Dep. Riestra;27-109;1999,0;5;3;268;3,0;0;0;0;0;0;0;0;0;0,0;6;1;16,7;2,01;0,34;0,0;0,0;;;;;;;;;;;;;;0;4;3;1;7;1;3;;;0;0,0;0,0;2,0;0,333;1,0;2,333;1,333
Mauro Valiente;ar ARG;MFFW;Estudiantes–RC;26-203;2000,0;12;7;641;7,1;1;0;1;1;0;0;2;0;0,14;9;2;22,2;1,26;0,28;0,11;0,5;;;;;;;;;;;;;;0;10;7;0;54;4;7;;;0;0,141;0,0;1,268;0,563;0,986;7,606;1,408
Maximiliano Gutiérrez;cl CHI;MFFW;Independiente;22-106;2004,0;11;8;698;7,8;2;1;3;2;0;0;1;0;0,39;16;5;31,3;2,06;0,64;0,13;0,4;;;;;;;;;;;;;;0;7;5;1;24;6;2;;;0;0,256;0,128;2,051;0,769;0,256;3,077;0,897
Maximiliano Meza;ar ARG;FWMF;Independiente;33-245;1992,0;4;0;111;1,2;0;0;0;0;0;0;0;0;0,0;1;0;0,0;0,81;0,0;0,0;;;;;;;;;;;;;;;0;3;2;0;2;0;3;;;0;0,0;0,0;0,833;0,0;2,5;1,667;2,5
Maximiliano Meza;ar ARG;MF;River Plate;33-245;1992,0;1;1;45;0,5;0;0;0;0;0;0;0;0;0,0;1;0;0,0;2,0;0,0;0,0;;;;;;;;;;;;;;;0;0;1;0;0;0;1;;;0;0,0;0,0;2,0;0,0;2,0;0,0;0,0
Maximiliano Porcel;ar ARG;MF;Defensa;20-227;2006,0;1;0;10;0,1;0;0;0;0;0;0;0;0;0,0;0;0;;0,0;0,0;;;;;;;;;;;;;;;;0;0;0;0;0;0;0;;;0;0,0;0,0;0,0;0,0;0,0;0,0;0,0
Maximiliano Puig;ar ARG;MF;Barracas Central;25-333;2000,0;4;0;40;0,4;0;0;0;0;0;0;0;0;0,0;2;0;0,0;4,5;0,0;0,0;;;;;;;;;;;;;;;0;3;5;0;1;0;1;;;0;0,0;0,0;5,0;0,0;2,5;2,5;7,5
Maximiliano Salas;ar ARG;FWMF;Ind. Rivadavia;28-259;1997,0;2;0;76;0,8;0;0;0;0;0;0;1;0;0,0;3;1;33,3;3,55;1,18;0,0;0,0;;;;;;;;;;;;;;0;2;1;2;7;1;0;;;0;0,0;0,0;3,75;1,25;0,0;8,75;2,5
Maximiliano Salas;ar ARG;FW;River Plate;28-259;1997,0;12;2;392;4,4;1;0;1;1;0;0;2;0;0,23;17;6;35,3;3,9;1,38;0,06;0,17;;;;;;;;;;;;;;0;9;4;4;11;0;5;;;0;0,227;0,0;3,864;0,0;1,136;2,5;2,045
Maximiliano Villa;uy URU;DF;Atlé Tucumán;29-167;1997,0;16;15;1349;15,0;1;1;2;1;0;0;4;0;0,13;9;3;33,3;0,6;0,2;0,11;0,33;;;;;;;;;;;;;;0;21;9;1;42;29;13;;;0;0,067;0,067;0,6;1,933;0,867;2,8;1,4
Maximiliano Zalazar;ar ARG;MF;Gimnasia–LP;25-162;2001,0;7;0;208;2,3;0;1;1;0;0;0;3;0;0,43;15;4;26,7;6,49;1,73;0,0;0,0;;;;;;;;;;;;;;0;5;3;3;14;3;3;;;0;0,0;0,435;6,522;1,304;1,304;6,087;2,174
Michael Hoyos;ar ARG;FW;Newell's;35-015;1991,0;9;3;432;4,8;1;0;1;1;0;0;0;0;0,21;8;2;25,0;1,67;0,42;0,13;0,5;;;;;;;;;;;;;;0;3;5;2;2;0;1;;;0;0,208;0,0;1,667;0,0;0,208;0,417;0,625
Michael Santos;uy URU;FW;C. Córdoba–SdE;33-157;1993,0;18;16;1422;15,8;6;2;8;5;1;1;1;0;0,44;31;13;41,9;1,96;0,82;0,19;0,43;;;;;;;;;;;;;;0;25;16;20;10;3;9;;;0;0,38;0,127;1,962;0,19;0,57;0,633;1,582
Michael Santos;uy URU;FW;Vélez Sarsfield;33-157;1993,0;1;0;5;0,1;0;0;0;0;0;0;0;0;0,0;1;1;100,0;18,0;18,0;0,0;0,0;;;;;;;;;;;;;;0;0;0;1;0;0;0;;;0;0,0;0,0;10,0;0,0;0,0;0,0;0,0
Miguel Barbieri;ar ARG;DF;Dep. Riestra;32-358;1993,0;9;7;566;6,3;0;0;0;0;0;0;4;0;0,0;5;2;40,0;0,8;0,32;0,0;0,0;;;;;;;;;;;;;;0;9;2;1;1;12;9;;;0;0,0;0,0;0,794;1,905;1,429;0,159;1,429
Miguel Graneros;ar ARG;FW;Dep. Riestra;30-111;1996,0;1;0;25;0,3;0;0;0;0;0;0;0;0;0,0;0;0;;0,0;0,0;;;;;;;;;;;;;;;;0;1;0;0;0;0;0;;;0;0,0;0,0;0,0;0,0;0,0;0,0;3,333
Miguel Merentiel;uy URU;FW;Boca Juniors;30-174;1996,0;18;13;1114;12,4;6;2;8;6;0;0;1;0;0,65;37;15;40,5;2,99;1,21;0,16;0,4;;;;;;;;;;;;;;0;5;4;3;11;2;3;;;0;0,484;0,161;2,984;0,161;0,242;0,887;0,403
Mikel Amondarain;ar ARG;MF;Estudiantes–LP;21-223;2005,0;15;10;1047;11,6;2;1;3;2;0;0;2;0;0,26;14;6;42,9;1,2;0,52;0,14;0,33;;;;;;;;;;;;;;0;11;9;2;10;4;10;;;0;0,172;0,086;1,207;0,345;0,862;0,862;0,948
Milton Céliz;ar ARG;MF;Dep. Riestra;34-023;1992,0;5;5;450;5,0;1;0;1;0;1;1;2;0;0,0;16;7;43,8;3,2;1,4;0,06;0,13;;;;;;;;;;;;;;0;13;12;0;10;2;8;;;0;0,2;0,0;3,2;0,4;1,6;2,0;2,6
Milton Delgado;ar ARG;MF;Boca Juniors;21-062;2005,0;19;14;1248;13,9;0;1;1;0;0;0;4;0;0,07;7;1;14,3;0,5;0,07;0,0;0,0;;;;;;;;;;;;;;0;26;17;0;2;15;25;;;0;0,0;0,072;0,504;1,079;1,799;0,144;1,871
Milton Giménez;ar ARG;FW;Boca Juniors;30-005;1996,0;7;3;250;2,8;3;0;3;2;1;1;1;0;0,72;11;5;45,5;3,96;1,8;0,25;0,5;;;;;;;;;;;;;;0;5;3;4;0;1;2;;;0;1,071;0,0;3,929;0,357;0,714;0,0;1,786
Milton Valenzuela;ar ARG;DF;Independiente;28-004;1998,0;6;3;303;3,4;0;0;0;0;0;0;2;0;0,0;4;1;25,0;1,19;0,3;0,0;0,0;;;;;;;;;;;;;;0;7;2;1;5;3;3;;;0;0,0;0,0;1,176;0,882;0,882;1,471;2,059
Misael Aguirre;ar ARG;FWMF;Unión;18-292;2007,0;14;4;501;5,6;0;0;0;0;0;0;0;0;0,0;14;3;21,4;2,51;0,54;0,0;0,0;;;;;;;;;;;;;;0;8;1;3;14;2;1;;;0;0,0;0,0;2,5;0,357;0,179;2,5;1,429
Máximo Cabrera;ar ARG;GK;Gimnasia–LP;19-355;2006,0;1;1;90;1,0;0;0;0;0;0;0;0;0;0,0;0;0;;0,0;0,0;;;1,0;1,0;2,0;1,0;50,0;0,0;0,0;1,0;0,0;0,0;0,0;0,0;0,0;0;0;0;0;0;0;0;;;0;0,0;0,0;0,0;0,0;0,0;0,0;0,0
Máximo Jonás Cabrera;ar ARG;MF;Defensa;17-318;2008,0;1;0;7;0,1;0;0;0;0;0;0;0;0;0,0;0;0;;0,0;0,0;;;;;;;;;;;;;;;;0;0;0;0;0;0;0;;;0;0,0;0,0;0,0;0,0;0,0;0,0;0,0
Máximo Palazzo;ar ARG;DF;Huracán;21-072;2005,0;11;10;867;9,6;0;0;0;0;0;0;1;0;0,0;2;1;50,0;0,21;0,1;0,0;0,0;;;;;;;;;;;;;;0;11;3;0;9;7;10;;;0;0,0;0,0;0,208;0,729;1,042;0,938;1,146
Máximo Rodríguez;ar ARG;DF;Defensa;21-193;2005,0;3;3;211;2,3;0;0;0;0;0;0;0;0;0,0;1;0;0,0;0,43;0,0;0,0;;;;;;;;;;;;;;;0;1;1;0;6;4;1;;;0;0,0;0,0;0,435;1,739;0,435;2,609;0,435
Nahuel Banegas;ar ARG;DF;Tigre;29-315;1996,0;8;6;542;6,0;0;0;0;0;0;0;1;0;0,0;5;2;40,0;0,83;0,33;0,0;0,0;;;;;;;;;;;;;;0;9;9;3;17;6;12;;;0;0,0;0,0;0,833;1,0;2,0;2,833;1,5
Nahuel Barboza;ar ARG;MF;Gimnasia–M;26-335;1999,0;12;5;607;6,7;0;0;0;0;0;0;2;0;0,0;1;0;0,0;0,15;0,0;0,0;;;;;;;;;;;;;;;0;13;8;0;0;11;8;;;0;0,0;0,0;0,149;1,642;1,194;0,0;1,94
Nahuel Barrios;ar ARG;MF;CA San Lorenzo;28-102;1998,0;9;2;326;3,6;0;1;1;0;0;0;1;0;0,28;4;1;25,0;1,1;0,28;0,0;0,0;;;;;;;;;;;;;;0;4;14;0;14;1;5;;;0;0,0;0,278;1,111;0,278;1,389;3,889;1,111
Nahuel Losada;ar ARG;GK;Lanús;33-122;1993,0;18;18;1620;18,0;0;0;0;0;0;0;4;0;0,0;0;0;;0,0;0,0;;;17,0;0,94;73,0;56,0;76,7;8,0;4,0;6,0;8,0;44,4;3,0;0,0;0,0;0;2;2;0;0;1;0;;;0;0,0;0,0;0,0;0,056;0,0;0,0;0,111
Natanael Guzmán;ar ARG;FWMF;Aldosivi;27-006;1999,0;12;5;433;4,8;0;0;0;0;0;0;0;0;0,0;6;3;50,0;1,25;0,62;0,0;0,0;;;;;;;;;;;;;;0;5;4;0;29;3;7;;;0;0,0;0,0;1,25;0,625;1,458;6,042;1,042
Nazareno Colombo;ar ARG;DF;Racing Club;27-150;1999,0;12;8;675;7,5;1;0;1;1;0;0;3;0;0,13;8;1;12,5;1,07;0,13;0,13;1,0;;;;;;;;;;;;;;0;10;8;0;3;6;7;;;0;0,133;0,0;1,067;0,8;0,933;0,4;1,333
Nazareno Roselli;ar ARG;MF;Defensa;20-008;2006,0;3;0;13;0,1;0;0;0;0;0;0;0;0;0,0;0;0;;0,0;0,0;;;;;;;;;;;;;;;;0;0;0;0;0;0;0;;;0;0,0;0,0;0,0;0,0;0,0;0,0;0,0
Nehuén Paz;ar ARG;DF;Huracán;33-111;1993,0;4;4;293;3,3;0;0;0;0;0;0;1;0;0,0;6;2;33,3;1,84;0,61;0,0;0,0;;;;;;;;;;;;;;0;1;1;0;1;2;1;;;0;0,0;0,0;1,818;0,606;0,303;0,303;0,303
Nelson Insfrán;ar ARG;GK;Gimnasia–LP;31-085;1995,0;19;19;1647;18,3;0;0;0;0;0;0;0;0;0,0;0;0;;0,0;0,0;;;21,0;1,15;72,0;51,0;70,8;11,0;2,0;6,0;7,0;36,8;1,0;0,0;0,0;0;0;0;0;0;0;0;;;0;0,0;0,0;0,0;0,0;0,0;0,0;0,0
Neyder Moreno;co COL;MF;Banfield;29-189;1997,0;9;2;244;2,7;1;0;1;1;0;0;1;0;0,37;11;5;45,5;4,06;1,84;0,09;0,2;;;;;;;;;;;;;;0;6;3;0;9;2;5;;;0;0,37;0,0;4,074;0,741;1,852;3,333;2,222
Nicolas Schelotto;ar ARG;MF;Gimnasia–LP;19-329;2006,0;19;18;1301;14,5;3;3;6;3;0;0;5;0;0,42;18;9;50,0;1,25;0,62;0,17;0,33;;;;;;;;;;;;;;0;17;28;1;103;14;22;;;0;0,207;0,207;1,241;0,966;1,517;7,103;1,172
Nicolás Benegas;ar ARG;FW;Dep. Riestra;30-169;1996,0;14;5;553;6,1;1;0;1;1;0;0;5;0;0,16;20;9;45,0;3,25;1,46;0,05;0,11;;;;;;;;;;;;;;0;23;6;4;2;2;4;;;0;0,164;0,0;3,279;0,328;0,656;0,328;3,77
Nicolás Blanco;ar ARG;DF;CA San Lorenzo;19-129;2007,0;2;2;152;1,7;0;0;0;0;0;0;0;0;0,0;0;0;;0,0;0,0;;;;;;;;;;;;;;;;0;1;2;0;4;1;1;;;0;0,0;0,0;0,0;0,588;0,588;2,353;0,588
Nicolás Bolcato;ar ARG;GK;Ind. Rivadavia;22-103;2004,0;19;18;1697;18,9;0;0;0;0;0;0;1;0;0,0;0;0;;0,0;0,0;;;17,0;0,9;63,0;46,0;73,0;11,0;4,0;3,0;5,0;27,8;1,0;0,0;0,0;0;0;5;0;0;1;0;;;0;0,0;0,0;0,0;0,053;0,0;0,0;0,0
Nicolás Capraro;ar ARG;DF;Barracas Central;28-167;1998,0;15;11;1044;11,6;0;0;0;0;0;0;2;0;0,0;3;2;66,7;0,26;0,17;0,0;0,0;;;;;;;;;;;;;;0;17;5;0;5;17;14;;;0;0,0;0,0;0,259;1,466;1,207;0,431;1,466
Nicolás Colazo;ar ARG;MF;Banfield;36-040;1990,0;3;2;99;1,1;0;0;0;0;0;0;0;0;0,0;1;0;0,0;0,91;0,0;0,0;;;;;;;;;;;;;;;0;0;1;0;7;0;2;;;0;0,0;0,0;0,909;0,0;1,818;6,364;0,0
Nicolás Cordero;ar ARG;FW;Aldosivi;27-128;1999,0;17;12;1076;12,0;2;0;2;2;0;0;0;0;0,17;30;9;30,0;2,51;0,75;0,07;0,22;;;;;;;;;;;;;;0;24;11;6;5;3;9;;;0;0,167;0,0;2,5;0,25;0,75;0,417;2,0
Nicolás Demartini;ar ARG;DF;Barracas Central;26-286;1999,0;14;14;1235;13,7;0;1;1;0;0;0;2;0;0,07;2;1;50,0;0,15;0,07;0,0;0,0;;;;;;;;;;;;;;0;22;4;0;2;18;17;;;1;0,0;0,073;0,146;1,314;1,241;0,146;1,606
Nicolás Dubersarsky;ar ARG;MF;Tigre;21-239;2004,0;1;0;6;0,1;0;0;0;0;0;0;0;0;0,0;0;0;;0,0;0,0;;;;;;;;;;;;;;;;0;0;0;0;0;0;0;;;0;0,0;0,0;0,0;0,0;0,0;0,0;0,0
Nicolás Fernández;ar ARG;FW;Belgrano;30-190;1996,0;19;14;1025;11,4;2;4;6;2;0;1;1;0;0,53;34;15;44,1;2,99;1,32;0,06;0,13;;;;;;;;;;;;;;0;7;8;3;1;0;7;;;0;0,175;0,351;2,982;0,0;0,614;0,088;0,614
Nicolás Freire;ar ARG;DF;Independiente;32-180;1994,0;2;0;19;0,2;0;0;0;0;0;0;0;0;0,0;2;1;50,0;9,47;4,74;0,0;0,0;;;;;;;;;;;;;;0;1;0;0;2;1;0;;;0;0,0;0,0;10,0;5,0;0,0;10,0;5,0
Nicolás Gaitán;ar ARG;MF;Aldosivi;38-175;1988,0;3;1;121;1,3;1;0;1;1;0;0;0;0;0,74;4;1;25,0;2,98;0,74;0,25;1,0;;;;;;;;;;;;;;0;2;2;0;5;1;1;;;0;0,769;0,0;3,077;0,769;0,769;3,846;1,538
Nicolás Guerra;cl CHI;FWMF;Instituto;27-220;1999,0;16;5;525;5,8;1;0;1;1;0;0;4;0;0,17;18;4;22,2;3,09;0,69;0,06;0,25;;;;;;;;;;;;;;0;21;7;2;2;2;2;;;0;0,172;0,0;3,103;0,345;0,345;0,345;3,621
Nicolás Laméndola;ar ARG;MFFW;Atlé Tucumán;27-248;1998,0;18;15;1325;14,7;1;0;1;1;0;0;4;0;0,07;16;5;31,3;1,09;0,34;0,06;0,2;;;;;;;;;;;;;;0;23;24;3;86;8;22;;;0;0,068;0,0;1,088;0,544;1,497;5,85;1,565
Nicolás Linares;ar ARG;MF;Aldosivi;30-164;1996,0;1;1;61;0,7;0;0;0;0;0;0;0;0;0,0;0;0;;0,0;0,0;;;;;;;;;;;;;;;;0;3;0;0;0;0;0;;;0;0,0;0,0;0,0;0,0;0,0;0,0;4,286
Nicolás Linares;ar ARG;MF;Gimnasia–M;30-164;1996,0;8;8;652;7,2;0;0;0;0;0;0;2;0;0,0;3;2;66,7;0,41;0,28;0,0;0,0;;;;;;;;;;;;;;0;13;2;0;4;11;7;;;0;0,0;0,0;0,417;1,528;0,972;0,556;1,806
Nicolás López;uy URU;FWMF;Platense;32-320;1993,0;3;0;77;0,9;0;0;0;0;0;0;1;0;0,0;7;4;57,1;8,18;4,68;0,0;0,0;;;;;;;;;;;;;;0;1;1;1;5;0;0;;;0;0,0;0,0;7,778;0,0;0,0;5,556;1,111
Nicolás Meriano;ar ARG;DF;Banfield;25-281;2000,0;17;14;1249;13,9;0;0;0;0;0;0;4;2;0,0;7;1;14,3;0,5;0,07;0,0;0,0;;;;;;;;;;;;;;1;11;4;1;1;33;11;;;0;0,0;0,0;0,504;2,374;0,791;0,072;0,791
Nicolás Morgantini;ar ARG;DF;Lanús;31-340;1994,0;3;2;225;2,5;0;0;0;0;0;0;0;0;0,0;0;0;;0,0;0,0;;;;;;;;;;;;;;;;0;5;2;0;5;3;2;;;0;0,0;0,0;0,0;1,2;0,8;2,0;2,0
Nicolás Omar Goitea;ar ARG;DF;Newell's;29-067;1997,0;12;11;1035;11,5;0;0;0;0;0;0;1;0;0,0;2;0;0,0;0,17;0,0;0,0;;;;;;;;;;;;;;;0;6;5;1;0;6;8;;;0;0,0;0,0;0,174;0,522;0,696;0,0;0,522
Nicolás Oróz;ar ARG;MF;Arg Juniors;32-138;1994,0;20;18;1436;16,0;2;2;4;1;1;1;1;0;0,19;13;6;46,2;0,81;0,38;0,14;0,29;;;;;;;;;;;;;;0;12;10;0;43;17;18;;;0;0,125;0,125;0,812;1,062;1,125;2,688;0,75
Nicolás Otamendi;ar ARG;DF;River Plate;38-186;1988,0;5;5;450;5,0;0;0;0;0;0;0;1;0;0,0;6;1;16,7;1,2;0,2;0,0;0,0;;;;;;;;;;;;;;0;7;5;0;2;5;5;;;1;0,0;0,0;1,2;1,0;1,0;0,4;1,4
Nicolás Palavecino;ar ARG;FW;Unión;23-141;2003,0;7;1;202;2,2;0;1;1;0;0;0;0;0;0,45;12;3;25,0;5,35;1,34;0,0;0,0;;;;;;;;;;;;;;0;4;4;0;7;1;1;;;0;0,0;0,455;5,455;0,455;0,455;3,182;1,818
Nicolás Pasquini;ar ARG;DFMF;Sarmiento–J;35-227;1991,0;6;5;438;4,9;1;0;1;1;0;0;0;0;0,21;2;1;50,0;0,41;0,21;0,5;1,0;;;;;;;;;;;;;;0;1;0;0;11;1;2;;;0;0,204;0,0;0,408;0,204;0,408;2,245;0,204
Nicolás Paz;ar ARG;DF;Unión;23-305;2002,0;1;1;65;0,7;0;0;0;0;0;0;0;0;0,0;0;0;;0,0;0,0;;;;;;;;;;;;;;;;0;0;0;0;1;1;1;;;0;0,0;0,0;0,0;1,429;1,429;1,429;0,0
Nicolás Romano;ar ARG;FW;Gimnasia–M;26-285;1999,0;1;0;22;0,2;0;0;0;0;0;0;0;0;0,0;0;0;;0,0;0,0;;;;;;;;;;;;;;;;0;0;0;0;0;0;1;;;0;0,0;0,0;0,0;0,0;5,0;0,0;0,0
Nicolás Sansotre;ar ARG;DFMF;Dep. Riestra;32-343;1993,0;18;18;1574;17,5;0;1;1;0;0;0;1;0;0,06;5;1;20,0;0,29;0,06;0,0;0,0;;;;;;;;;;;;;;0;13;2;1;25;15;15;;;0;0,0;0,057;0,286;0,857;0,857;1,429;0,743
Nicolás Talpone;ar ARG;MF;Estudiantes–RC;30-130;1996,0;18;11;1014;11,3;0;0;0;0;0;0;1;0;0,0;17;4;23,5;1,51;0,36;0,0;0,0;;;;;;;;;;;;;;0;12;15;0;33;7;13;;;0;0,0;0,0;1,504;0,619;1,15;2,92;1,062
Nicolás Tripichio;ar ARG;MF;CA San Lorenzo;30-224;1996,0;20;20;1738;19,3;0;0;0;0;0;0;6;0;0,0;22;5;22,7;1,14;0,26;0,0;0,0;;;;;;;;;;;;;;0;30;32;1;22;36;33;;;0;0,0;0,0;1,14;1,865;1,71;1,14;1,554
Nicolás Zalazar;ar ARG;DF;Aldosivi;29-200;1997,0;18;18;1602;17,8;0;1;1;0;0;0;2;1;0,06;15;3;20,0;0,84;0,17;0,0;0,0;;;;;;;;;;;;;;1;16;12;0;11;24;27;;;1;0,0;0,056;0,843;1,348;1,517;0,618;0,899
Nicólas Watson;ar ARG;MFDF;Dep. Riestra;28-087;1998,0;17;9;896;10,0;0;1;1;0;0;0;5;0;0,1;2;1;50,0;0,2;0,1;0,0;0,0;;;;;;;;;;;;;;0;27;29;0;21;10;23;;;0;0,0;0,1;0,2;1,0;2,3;2,1;2,7
Norberto Briasco;am ARM;FWMF;Barracas Central;30-169;1996,0;12;7;595;6,6;1;0;1;1;0;0;3;0;0,15;16;6;37,5;2,42;0,91;0,06;0,17;;;;;;;;;;;;;;0;20;12;3;8;4;8;;;0;0,152;0,0;2,424;0,606;1,212;1,212;3,03
Nsumoh Kalu;sk SVK;FW;Dep. Riestra;25-064;2001,0;1;0;18;0,2;0;0;0;0;0;0;0;0;0,0;0;0;;0,0;0,0;;;;;;;;;;;;;;;;0;0;1;0;6;0;0;;;0;0,0;0,0;0,0;0,0;0,0;30,0;0,0
Néstor Breitenbruch;ar ARG;DF;Aldosivi;30-338;1995,0;5;5;450;5,0;0;0;0;0;0;0;0;0;0,0;2;0;0,0;0,4;0,0;0,0;;;;;;;;;;;;;;;0;3;1;0;2;4;9;;;0;0,0;0,0;0,4;0,8;1,8;0,4;0,6
Orlando Gill;py PAR;GK;CA San Lorenzo;26-067;2000,0;18;18;1591;17,7;0;0;0;0;0;0;1;1;0,0;0;0;;0,0;0,0;;;15,0;0,85;86,0;70,0;82,6;6,0;6,0;6,0;10,0;55,6;1,0;0,0;0,0;0;0;3;0;0;0;0;;;0;0,0;0,0;0,0;0,0;0,0;0,0;0,0
Oscar Arias;ar ARG;DF;CA San Lorenzo;21-227;2005,0;1;1;52;0,6;0;0;0;0;0;0;0;0;0,0;0;0;;0,0;0,0;;;;;;;;;;;;;;;;0;0;1;0;0;0;2;;;0;0,0;0,0;0,0;0,0;3,333;0,0;0,0
Oscar Cortés;co COL;MFFW;Huracán;22-257;2003,0;19;18;1420;15,8;2;4;6;2;0;0;3;0;0,38;30;11;36,7;1,9;0,7;0,07;0,18;;;;;;;;;;;;;;0;14;6;4;59;8;12;;;0;0,127;0,253;1,899;0,506;0,759;3,734;0,886
Oscar Salomón;ar ARG;DF;Newell's;27-148;1999,0;8;7;511;5,7;2;0;2;2;0;0;2;0;0,35;8;5;62,5;1,41;0,88;0,25;0,4;;;;;;;;;;;;;;0;6;7;0;2;8;6;;;0;0,351;0,0;1,404;1,404;1,053;0,351;1,053
Pablo Aguiar;ar ARG;MF;Gimnasia–LP;20-152;2006,0;5;2;148;1,6;0;0;0;0;0;0;0;0;0,0;0;0;;0,0;0,0;;;;;;;;;;;;;;;;0;4;1;0;1;0;2;;;0;0,0;0,0;0,0;0,0;1,25;0,625;2,5
Pablo Ferreira;ar ARG;MF;Platense;21-298;2004,0;8;6;526;5,8;0;0;0;0;0;0;0;0;0,0;6;0;0,0;1,03;0,0;0,0;;;;;;;;;;;;;;;0;9;4;0;2;11;11;;;0;0,0;0,0;1,034;1,897;1,897;0,345;1,552
Pablo Magnín;ar ARG;FW;Sarmiento–J;36-114;1990,0;8;5;346;3,8;1;1;2;1;0;0;0;0;0,52;4;2;50,0;1,04;0,52;0,25;0,5;;;;;;;;;;;;;;0;3;6;4;1;1;4;;;0;0,263;0,263;1,053;0,263;1,053;0,263;0,789
Pablo Monje;ar ARG;MF;Dep. Riestra;29-192;1997,0;20;16;1330;14,8;0;0;0;0;0;0;1;0;0,0;5;0;0,0;0,34;0,0;0,0;;;;;;;;;;;;;;;0;13;4;3;73;19;10;;;0;0,0;0,0;0,338;1,284;0,676;4,932;0,878
Paulo Díaz;cl CHI;DF;River Plate;31-357;1994,0;5;2;197;2,2;0;0;0;0;0;0;1;0;0,0;1;0;0,0;0,46;0,0;0,0;;;;;;;;;;;;;;;0;2;1;0;0;7;1;;;0;0,0;0,0;0,455;3,182;0,455;0,0;0,909
Pedro Ojeda;ar ARG;MF;Huracán;28-285;1997,0;16;15;1243;13,8;0;2;2;0;0;0;2;0;0,14;8;2;25,0;0,58;0,14;0,0;0,0;;;;;;;;;;;;;;0;8;5;1;11;14;17;;;0;0,0;0,145;0,58;1,014;1,232;0,797;0,58
Pedro Ramírez;ar ARG;DFMF;Dep. Riestra;26-135;2000,0;13;13;1050;11,7;1;0;1;1;0;0;2;0;0,09;15;3;20,0;1,29;0,26;0,07;0,33;;;;;;;;;;;;;;0;15;9;0;27;11;17;;;0;0,085;0,0;1,282;0,94;1,453;2,308;1,282
Pedro Silva Torrejón;ar ARG;DF;Gimnasia–LP;29-204;1997,0;21;21;1824;20,3;0;3;3;0;0;0;1;0;0,15;14;4;28,6;0,69;0,2;0,0;0,0;;;;;;;;;;;;;;0;7;25;4;55;26;24;;;0;0,0;0,148;0,69;1,281;1,182;2,709;0,345
Pity Martínez;ar ARG;MFFW;Tigre;33-065;1993,0;15;7;509;5,7;3;1;4;3;0;0;1;0;0,71;26;12;46,2;4,6;2,12;0,12;0,25;;;;;;;;;;;;;;0;6;34;2;34;0;6;;;0;0,526;0,175;4,561;0,0;1,053;5,965;1,053
Pocho Román;it ITA;FW;Atlé Tucumán;22-188;2004,0;1;0;7;0,1;0;0;0;0;0;0;0;0;0,0;0;0;;0,0;0,0;;;;;;;;;;;;;;;;0;0;0;0;1;0;0;;;0;0,0;0,0;0,0;0,0;0,0;10,0;0,0
Pol Fernández;ar ARG;MF;Rosario Central;34-310;1991,0;11;5;451;5,0;0;1;1;0;0;0;2;0;0,2;3;1;33,3;0,6;0,2;0,0;0,0;;;;;;;;;;;;;;0;3;5;0;5;8;6;;;0;0,0;0,2;0,6;1,6;1,2;1,0;0,6
Rafael Barrios;ar ARG;DFMF;Barracas Central;33-086;1993,0;14;12;926;10,3;0;0;0;0;0;0;2;0;0,0;0;0;;0,0;0,0;;;;;;;;;;;;;;;;0;21;8;1;32;16;17;;;0;0,0;0,0;0,0;1,553;1,65;3,107;2,039
Rafael Borré;co COL;FW;River Plate;30-336;1995,0;5;2;253;2,8;0;0;0;0;0;0;0;0;0,0;4;1;25,0;1,42;0,36;0,0;0,0;;;;;;;;;;;;;;0;5;4;2;1;0;2;;;0;0,0;0,0;1,429;0,0;0,714;0,357;1,786
Rafael Profini;ar ARG;MF;Unión;22-342;2003,0;16;16;1322;14,7;1;5;6;1;0;0;1;0;0,41;11;3;27,3;0,75;0,2;0,09;0,33;;;;;;;;;;;;;;0;16;16;0;5;11;11;;;0;0,068;0,34;0,748;0,748;0,748;0,34;1,088
Ramiro Carrera;ar ARG;MFFW;Lanús;32-297;1993,0;19;15;1147;12,7;2;3;5;2;0;0;8;0;0,39;35;9;25,7;2,75;0,71;0,06;0,22;;;;;;;;;;;;;;0;18;18;5;19;6;12;;;0;0,157;0,236;2,756;0,472;0,945;1,496;1,417
Ramiro Funes Mori;ar ARG;DF;Estudiantes–LP;35-165;1991,0;6;5;445;4,9;0;0;0;0;0;0;1;0;0,0;1;0;0,0;0,2;0,0;0,0;;;;;;;;;;;;;;;0;4;3;0;1;8;4;;;0;0,0;0,0;0,204;1,633;0,816;0,204;0,816
Ramiro Gagliardi;ar ARG;FW;Defensa;20-002;2006,0;1;0;12;0,1;0;0;0;0;0;0;0;0;0,0;2;1;50,0;15,0;7,5;0,0;0,0;;;;;;;;;;;;;;0;0;1;0;0;0;0;;;0;0,0;0,0;20,0;0,0;0,0;0,0;0,0
Ramiro Hernandes;ar ARG;MF;Belgrano;21-278;2004,0;20;6;768;8,5;1;1;2;1;0;0;2;0;0,23;14;2;14,3;1,64;0,23;0,07;0,5;;;;;;;;;;;;;;0;11;7;0;15;6;11;;;0;0,118;0,118;1,647;0,706;1,294;1,765;1,294
Ramiro Macagno;ar ARG;GK;Ind. Rivadavia;29-152;1997,0;1;1;13;0,1;0;0;0;0;0;0;0;0;0,0;0;0;;0,0;0,0;;;1,0;6,92;1,0;0,0;0,0;1,0;0,0;0,0;0,0;0,0;0,0;0,0;0,0;0;0;0;0;0;0;0;;;0;0,0;0,0;0,0;0,0;0,0;0,0;0,0
Ramiro Paunero;ar ARG;DF;Atlé Tucumán;21-156;2005,0;2;1;69;0,8;0;0;0;0;0;0;0;0;0,0;0;0;;0,0;0,0;;;;;;;;;;;;;;;;0;0;0;0;3;1;0;;;0;0,0;0,0;0,0;1,25;0,0;3,75;0,0
Ramiro Ruiz;ar ARG;MFFW;Atlé Tucumán;26-149;2000,0;9;4;407;4,5;0;1;1;0;0;0;0;0;0,22;9;2;22,2;1,99;0,44;0,0;0,0;;;;;;;;;;;;;;0;5;3;9;5;2;1;;;0;0,0;0,222;2,0;0,444;0,222;1,111;1,111
Ramiro Tulián;ar ARG;MF;Belgrano;18-210;2008,0;5;0;60;0,7;1;0;1;1;0;0;0;0;1,5;4;2;50,0;6,0;3,0;0,25;0,5;;;;;;;;;;;;;;0;2;0;0;1;0;3;;;0;1,429;0,0;5,714;0,0;4,286;1,429;2,857
Ramón Arias;uy URU;DF;Tigre;34-021;1992,0;7;3;293;3,3;0;0;0;0;0;0;1;0;0,0;1;0;0,0;0,31;0,0;0,0;;;;;;;;;;;;;;;0;4;3;0;3;8;3;;;0;0,0;0,0;0,303;2,424;0,909;0,909;1,212
Ramón Ábila;ar ARG;FW;Estudiantes–RC;36-307;1989,0;8;1;196;2,2;0;0;0;0;0;0;2;0;0,0;2;1;50,0;0,92;0,46;0,0;0,0;;;;;;;;;;;;;;0;0;3;11;1;0;0;;;0;0,0;0,0;0,909;0,0;0,0;0,455;0,0
Raúl Lozano;ar ARG;DF;Estudiantes–RC;28-349;1997,0;8;5;447;5,0;0;1;1;0;0;0;0;0;0,2;4;0;0,0;0,81;0,0;0,0;;;;;;;;;;;;;;;0;9;4;0;21;6;8;;;0;0,0;0,2;0,8;1,2;1,6;4,2;1,8
Renzo Bacchia;uy URU;GK;Estudiantes–RC;27-206;1999,0;5;5;450;5,0;0;0;0;0;0;0;1;0;0,0;0;0;;0,0;0,0;;;9,0;1,8;22,0;13,0;59,1;0,0;1,0;4,0;1,0;20,0;1,0;0,0;1,0;0;1;0;0;0;0;0;;;0;0,0;0,0;0,0;0,0;0,0;0,0;0,2
Renzo Giampaoli;ar ARG;DF;Gimnasia–LP;26-222;2000,0;16;15;1309;14,5;0;0;0;0;0;0;4;0;0,0;8;1;12,5;0,55;0,07;0,0;0,0;;;;;;;;;;;;;;0;11;3;0;1;26;15;;;0;0,0;0,0;0,552;1,793;1,034;0,069;0,759
Renzo Orihuela;uy URU;DF;Sarmiento–J;25-135;2001,0;11;10;945;10,5;1;0;1;1;0;0;1;0;0,1;7;4;57,1;0,67;0,38;0,14;0,25;;;;;;;;;;;;;;0;14;12;0;5;17;7;;;0;0,095;0,0;0,667;1,619;0,667;0,476;1,333
Renzo Tesuri;ar ARG;MFFW;Atlé Tucumán;30-071;1996,0;20;20;1564;17,4;2;1;3;2;0;0;3;0;0,17;21;7;33,3;1,21;0,4;0,1;0,29;;;;;;;;;;;;;;0;10;22;0;23;7;15;;;0;0,115;0,057;1,207;0,402;0,862;1,322;0,575
Rick;br BRA;MFFW;Talleres–C;26-349;1999,0;18;13;1146;12,7;4;2;6;4;0;0;4;0;0,47;40;16;40,0;3,14;1,26;0,1;0,25;;;;;;;;;;;;;;0;16;16;6;48;7;11;;;0;0,315;0,157;3,15;0,551;0,866;3,78;1,26
Roberto Bochi;ar ARG;MF;Aldosivi;39-042;1987,0;10;9;672;7,5;0;0;0;0;0;0;3;0;0,0;3;0;0,0;0,4;0,0;0,0;;;;;;;;;;;;;;;0;11;1;0;2;11;15;;;0;0,0;0,0;0,4;1,467;2,0;0,267;1,467
Rodrigo Aliendro;ar ARG;MF;Vélez Sarsfield;35-182;1991,0;20;11;1076;12,0;1;0;1;1;0;0;1;0;0,08;15;5;33,3;1,25;0,42;0,07;0,2;;;;;;;;;;;;;;0;20;8;1;8;19;32;;;0;0,083;0,0;1,25;1,583;2,667;0,667;1,667
Rodrigo Atencio;ar ARG;MFFW;Ind. Rivadavia;24-048;2002,0;19;7;853;9,5;0;4;4;0;0;0;0;0;0,42;15;2;13,3;1,58;0,21;0,0;0,0;;;;;;;;;;;;;;0;9;11;1;33;1;4;;;0;0,0;0,421;1,579;0,105;0,421;3,474;0,947
Rodrigo Auzmendi;ar ARG;FW;Banfield;25-227;2001,0;7;1;187;2,1;0;0;0;0;0;0;1;0;0,0;6;1;16,7;2,89;0,48;0,0;0,0;;;;;;;;;;;;;;0;4;1;3;2;1;1;;;0;0,0;0,0;2,857;0,476;0,476;0,952;1,905
Rodrigo Auzmendi;ar ARG;FW;CA San Lorenzo;25-227;2001,0;12;9;834;9,3;5;0;5;5;0;0;3;0;0,54;33;16;48,5;3,56;1,73;0,15;0,31;;;;;;;;;;;;;;0;16;11;5;3;2;3;;;0;0,538;0,0;3,548;0,215;0,323;0,323;1,72
Rodrigo Bogarín;py PAR;MF;Barracas Central;29-085;1997,0;6;1;180;2,0;0;0;0;0;0;0;0;0;0,0;8;3;37,5;4,0;1,5;0,0;0,0;;;;;;;;;;;;;;0;1;1;0;1;2;2;;;0;0,0;0,0;4,0;1,0;1,0;0,5;0,5
Rodrigo Castillo;ar ARG;FW;Lanús;27-172;1999,0;5;4;358;4,0;1;3;4;1;0;0;0;0;1,01;7;4;57,1;1,76;1,01;0,14;0,25;;;;;;;;;;;;;;0;8;11;3;2;5;2;;;0;0,25;0,75;1,75;1,25;0,5;0,5;2,0
Rodrigo Fernández;uy URU;MF;Huracán;30-226;1996,0;2;2;180;2,0;0;0;0;0;0;0;1;0;0,0;0;0;;0,0;0,0;;;;;;;;;;;;;;;;0;6;2;0;1;1;4;;;0;0,0;0,0;0,0;0,5;2,0;0,5;3,0
Rodrigo Fernández;uy URU;MF;Independiente;30-226;1996,0;12;4;479;5,3;0;0;0;0;0;0;2;0;0,0;5;1;20,0;0,94;0,19;0,0;0,0;;;;;;;;;;;;;;0;13;3;0;1;7;11;;;0;0,0;0,0;0,943;1,321;2,075;0,189;2,453
Rodrigo Gallo;ar ARG;DF;Dep. Riestra;25-286;2000,0;8;6;412;4,6;0;0;0;0;0;0;2;0;0,0;0;0;;0,0;0,0;;;;;;;;;;;;;;;;0;7;1;0;24;7;2;;;0;0,0;0,0;0,0;1,522;0,435;5,217;1,522
Rodrigo González;ar ARG;DFMF;Aldosivi;26-125;2000,0;17;16;1289;14,3;0;0;0;0;0;0;4;0;0,0;9;3;33,3;0,63;0,21;0,0;0,0;;;;;;;;;;;;;;0;23;10;1;48;5;21;;;0;0,0;0,0;0,629;0,35;1,469;3,357;1,608
Rodrigo Granillo;ar ARG;MF;Atlé Tucumán;20-197;2006,0;2;0;11;0,1;0;0;0;0;0;0;0;0;0,0;0;0;;0,0;0,0;;;;;;;;;;;;;;;;0;0;0;0;2;0;0;;;0;0,0;0,0;0,0;0,0;0,0;20,0;0,0
Rodrigo Guth;br BRA;DF;Talleres–C;25-280;2000,0;2;1;103;1,1;0;0;0;0;0;0;1;0;0,0;0;0;;0,0;0,0;;;;;;;;;;;;;;;;0;2;0;0;0;2;0;;;0;0,0;0,0;0,0;1,818;0,0;0,0;1,818
Rodrigo Herrera;ar ARG;MF;Newell's;26-015;2000,0;16;13;1097;12,2;0;0;0;0;0;0;2;0;0,0;7;1;14,3;0,57;0,08;0,0;0,0;;;;;;;;;;;;;;0;24;10;0;11;12;19;;;0;0,0;0,0;0,574;0,984;1,557;0,902;1,967
Rodrigo Insúa;ar ARG;MFDF;Barracas Central;28-244;1997,0;21;21;1855;20,6;3;1;4;1;2;2;4;0;0,1;24;8;33,3;1,16;0,39;0,12;0,3;;;;;;;;;;;;;;0;18;17;2;50;13;15;;;0;0,146;0,049;1,165;0,631;0,728;2,427;0,874
Rodrigo Márquez;ar ARG;FW;Aldosivi;24-183;2002,0;4;0;118;1,3;0;0;0;0;0;0;0;0;0,0;2;1;50,0;1,53;0,76;0,0;0,0;;;;;;;;;;;;;;0;4;2;0;10;1;1;;;0;0,0;0,0;1,538;0,769;0,769;7,692;3,077
Rodrigo Rey;ar ARG;GK;Independiente;35-162;1991,0;20;20;1800;20,0;0;0;0;0;0;0;1;0;0,0;0;0;;0,0;0,0;;;22,0;1,1;65,0;42,0;66,2;8,0;6,0;6,0;6,0;30,0;3,0;1,0;1,0;0;0;6;0;0;0;1;;;0;0,0;0,0;0,0;0,0;0,05;0,0;0,0
Rodrigo Sayavedra;ar ARG;DF;Dep. Riestra;31-027;1995,0;5;1;147;1,6;0;0;0;0;0;0;1;0;0,0;0;0;;0,0;0,0;;;;;;;;;;;;;;;;0;3;2;0;17;2;1;;;0;0,0;0,0;0,0;1,25;0,625;10,625;1,875
Román Riquelme;ar ARG;DF;Arg Juniors;24-091;2002,0;10;10;900;10,0;1;0;1;1;0;0;4;0;0,1;9;2;22,2;0,9;0,2;0,11;0,5;;;;;;;;;;;;;;0;10;5;1;1;15;5;;;0;0,1;0,0;0,9;1,5;0,5;0,1;1,0
Román Riquelme;ar ARG;DF;Talleres–C;24-091;2002,0;3;3;265;2,9;0;0;0;0;0;0;2;1;0,0;1;0;0,0;0,34;0,0;0,0;;;;;;;;;;;;;;;1;5;6;0;1;2;2;;;0;0,0;0,0;0,345;0,69;0,69;0,345;1,724
Ronaldo Dejesús;py PAR;DF;Lanús;25-118;2001,0;13;9;860;9,6;0;0;0;0;0;0;3;0;0,0;8;1;12,5;0,84;0,1;0,0;0,0;;;;;;;;;;;;;;0;8;6;0;3;10;8;;;0;0,0;0,0;0,833;1,042;0,833;0,312;0,833
Ronaldo Martínez;py PAR;FW;Talleres–C;30-114;1996,0;20;19;1447;16,1;4;1;5;4;0;0;0;0;0,31;31;17;54,8;1,93;1,06;0,13;0,24;;;;;;;;;;;;;;0;19;12;5;9;3;5;;;0;0,248;0,062;1,925;0,186;0,311;0,559;1,18
Rubén Botta;ar ARG;MFFW;Defensa;36-198;1990,0;13;13;849;9,4;1;1;2;1;0;1;3;1;0,21;14;6;42,9;1,48;0,64;0,07;0,14;;;;;;;;;;;;;;0;9;17;5;25;8;14;;;0;0,106;0,106;1,489;0,851;1,489;2,66;0,957
Rubén Martínez;ar ARG;MF;Independiente;22-064;2004,0;2;0;34;0,4;0;0;0;0;0;0;1;0;0,0;1;0;0,0;2,65;0,0;0,0;;;;;;;;;;;;;;;0;1;1;0;0;1;2;;;0;0,0;0,0;2,5;2,5;5,0;0,0;2,5
Ryoga Kida;jp JPN;FW;Arg Juniors;21-033;2005,0;5;0;94;1,0;1;0;1;1;0;0;0;0;0,96;4;2;50,0;3,83;1,91;0,25;0,5;;;;;;;;;;;;;;0;3;0;1;2;0;0;;;0;1,0;0,0;4,0;0,0;0,0;2,0;3,0
Santiago Arias;co COL;DF;Independiente;34-216;1992,0;16;9;1001;11,1;0;2;2;0;0;0;1;0;0,18;2;1;50,0;0,18;0,09;0,0;0,0;;;;;;;;;;;;;;0;10;22;1;33;15;23;;;0;0,0;0,18;0,18;1,351;2,072;2,973;0,901
Santiago Ascacíbar;ar ARG;MF;Boca Juniors;29-173;1997,0;17;14;1302;14,5;5;1;6;5;0;0;4;0;0,41;20;9;45,0;1,38;0,62;0,25;0,56;;;;;;;;;;;;;;0;21;22;1;7;19;25;;;0;0,345;0,069;1,379;1,31;1,724;0,483;1,448
Santiago Ascacíbar;ar ARG;MF;Estudiantes–LP;29-173;1997,0;1;1;90;1,0;0;0;0;0;0;0;0;0;0,0;2;0;0,0;2,0;0,0;0,0;;;;;;;;;;;;;;;0;0;0;0;0;2;4;;;0;0,0;0,0;2,0;2,0;4,0;0,0;0,0
Santiago Beltrán;ar ARG;GK;River Plate;21-317;2004,0;21;20;1845;20,5;0;0;0;0;0;0;0;0;0,0;0;0;;0,0;0,0;;;15,0;0,73;58,0;43,0;74,1;10,0;2,0;8,0;8,0;40,0;2,0;0,0;0,0;0;0;1;0;0;0;0;;;0;0,0;0,0;0,0;0,0;0,0;0,0;0,0
Santiago Dalmasso;ar ARG;MF;Platense;22-060;2004,0;6;0;119;1,3;0;0;0;0;0;0;2;0;0,0;2;1;50,0;1,51;0,76;0,0;0,0;;;;;;;;;;;;;;0;4;1;0;1;1;1;;;0;0,0;0,0;1,538;0,769;0,769;0,769;3,077
Santiago Daniele;ar ARG;DF;Banfield;20-268;2005,0;8;4;522;5,8;0;1;1;0;0;0;1;0;0,17;4;1;25,0;0,69;0,17;0,0;0,0;;;;;;;;;;;;;;0;7;8;0;0;11;14;;;0;0,0;0,172;0,69;1,897;2,414;0,0;1,207
Santiago Esquivel;ar ARG;MF;Banfield;22-227;2004,0;13;8;610;6,8;0;0;0;0;0;0;4;1;0,0;4;0;0,0;0,59;0,0;0,0;;;;;;;;;;;;;;;1;9;6;0;0;3;11;;;0;0,0;0,0;0,588;0,441;1,618;0,0;1,324
Santiago Fernández;ar ARG;DF;Talleres–C;21-140;2005,0;16;16;1311;14,6;0;0;0;0;0;0;1;0;0,0;6;2;33,3;0,41;0,14;0,0;0,0;;;;;;;;;;;;;;0;8;14;0;0;20;14;;;0;0,0;0,0;0,411;1,37;0,959;0,0;0,548
Santiago González;ar ARG;MF;Tigre;23-106;2003,0;5;2;173;1,9;0;0;0;0;0;0;0;0;0,0;0;0;;0,0;0,0;;;;;;;;;;;;;;;;0;0;3;0;0;2;6;;;0;0,0;0,0;0,0;1,053;3,158;0,0;0,0
Santiago Grella;ar ARG;MF;Unión;21-154;2005,0;4;0;68;0,8;0;0;0;0;0;0;0;0;0,0;2;0;0,0;2,65;0,0;0,0;;;;;;;;;;;;;;;0;1;1;0;4;0;0;;;0;0,0;0,0;2,5;0,0;0,0;5,0;1,25
Santiago Lencina;ar ARG;MF;River Plate;20-347;2005,0;4;0;67;0,7;0;0;0;0;0;0;0;0;0,0;1;0;0,0;1,34;0,0;0,0;;;;;;;;;;;;;;;0;2;0;0;5;1;2;;;0;0,0;0,0;1,429;1,429;2,857;7,143;2,857
Santiago Longo;ar ARG;MF;Belgrano;28-127;1998,0;13;5;555;6,2;0;0;0;0;0;0;1;1;0,0;4;1;25,0;0,65;0,16;0,0;0,0;;;;;;;;;;;;;;0;6;2;0;0;7;16;;;0;0,0;0,0;0,645;1,129;2,581;0,0;0,968
Santiago López;ar ARG;DFMF;Banfield;28-256;1997,0;21;20;1813;20,1;2;4;6;2;0;0;3;0;0,3;12;4;33,3;0,6;0,2;0,17;0,5;;;;;;;;;;;;;;0;10;25;2;60;23;28;;;1;0,1;0,199;0,597;1,144;1,393;2,985;0,498
Santiago López;ar ARG;MFFW;Tigre;20-189;2006,0;20;13;1236;13,7;0;2;2;0;0;0;3;0;0,15;25;6;24,0;1,82;0,44;0,0;0,0;;;;;;;;;;;;;;0;28;34;7;78;9;26;;;0;0,0;0,146;1,825;0,657;1,898;5,693;2,044
Santiago Montiel;ar ARG;MFFW;Independiente;25-268;2000,0;15;12;985;10,9;3;2;5;3;0;0;3;1;0,46;33;13;39,4;3,02;1,19;0,09;0,23;;;;;;;;;;;;;;0;9;22;1;64;6;10;;;0;0,275;0,183;3,028;0,55;0,917;5,872;0,826
Santiago Moya;ar ARG;DF;Aldosivi;23-065;2003,0;8;8;720;8,0;1;0;1;1;0;0;2;0;0,12;4;2;50,0;0,5;0,25;0,25;0,5;;;;;;;;;;;;;;0;6;6;1;2;10;4;;;0;0,125;0,0;0,5;1,25;0,5;0,25;0,75
Santiago Moyano;ar ARG;DF;C. Córdoba–SdE;28-328;1997,0;19;17;1339;14,9;0;1;1;0;0;0;4;0;0,07;6;2;33,3;0,4;0,13;0,0;0,0;;;;;;;;;;;;;;0;27;13;1;30;18;18;;;0;0,0;0,067;0,403;1,208;1,208;2,013;1,812
Santiago Núñez;ar ARG;DF;Estudiantes–LP;26-110;2000,0;14;12;1054;11,7;1;1;2;1;0;0;5;1;0,17;11;3;27,3;0,94;0,26;0,09;0,33;;;;;;;;;;;;;;1;14;8;0;1;16;12;;;0;0,085;0,085;0,94;1,368;1,026;0,085;1,197
Santiago Quiros;ar ARG;DF;Platense;23-166;2003,0;2;1;116;1,3;0;0;0;0;0;0;0;0;0,0;0;0;;0,0;0,0;;;;;;;;;;;;;;;;0;1;1;0;5;5;3;;;0;0,0;0,0;0,0;3,846;2,308;3,846;0,769
Santiago Rodriguez;ar ARG;FW;Gimnasia–M;28-359;1997,0;12;8;635;7,1;1;1;2;1;0;0;1;0;0,28;15;3;20,0;2,13;0,43;0,07;0,33;;;;;;;;;;;;;;0;8;13;4;10;0;2;;;0;0,141;0,141;2,113;0,0;0,282;1,408;1,127
Santiago Salle;ar ARG;MFDF;Sarmiento–J;22-074;2004,0;20;15;1301;14,5;0;1;1;0;0;0;7;0;0,07;8;4;50,0;0,55;0,28;0,0;0,0;;;;;;;;;;;;;;0;26;27;2;45;9;14;;;0;0,0;0,069;0,552;0,621;0,966;3,103;1,793
Santiago Segovia;ar ARG;MF;Rosario Central;19-144;2007,0;2;1;76;0,8;0;0;0;0;0;0;0;0;0,0;5;0;0,0;5,92;0,0;0,0;;;;;;;;;;;;;;;0;1;3;0;6;0;0;;;0;0,0;0,0;6,25;0,0;0,0;7,5;1,25
Santiago Solari;ar ARG;FWMF;Racing Club;28-210;1998,0;18;16;1286;14,3;2;4;6;2;0;0;3;0;0,42;30;8;26,7;2,1;0,56;0,07;0,25;;;;;;;;;;;;;;0;17;9;8;32;3;11;;;0;0,14;0,28;2,098;0,21;0,769;2,238;1,189
Santiago Sosa;ar ARG;MF;Defensa;21-199;2005,0;19;19;1618;18,0;0;0;0;0;0;0;2;1;0,0;7;1;14,3;0,39;0,06;0,0;0,0;;;;;;;;;;;;;;0;20;31;0;6;25;23;;;0;0,0;0,0;0,389;1,389;1,278;0,333;1,111
Santiago Sosa;ar ARG;MFDF;Racing Club;27-106;1999,0;18;18;1592;17,7;0;1;1;0;0;0;6;0;0,06;14;3;21,4;0,79;0,17;0,0;0,0;;;;;;;;;;;;;;0;27;8;0;5;33;22;;;0;0,0;0,056;0,791;1,864;1,243;0,282;1,525
Santiago Toloza;ar ARG;MF;Defensa;23-293;2002,0;1;0;45;0,5;0;0;0;0;0;0;0;0;0,0;0;0;;0,0;0,0;;;;;;;;;;;;;;;;0;0;1;0;0;0;2;;;0;0,0;0,0;0,0;0,0;4,0;0,0;0,0
Santiago Villarreal;ar ARG;MF;Gimnasia–LP;20-270;2005,0;2;0;52;0,6;0;0;0;0;0;0;0;0;0,0;1;0;0,0;1,73;0,0;0,0;;;;;;;;;;;;;;;0;1;2;0;1;2;1;;;0;0,0;0,0;1,667;3,333;1,667;1,667;1,667
Santino Aguirre;ar ARG;MF;Racing Club;19-155;2007,0;1;0;9;0,1;0;0;0;0;0;0;0;0;0,0;2;0;0,0;20,0;0,0;0,0;;;;;;;;;;;;;;;0;0;1;0;0;0;1;;;0;0,0;0,0;20,0;0,0;10,0;0,0;0,0
Santino Gianini;ar ARG;DF;Arg Juniors;17-327;2008,0;1;0;72;0,8;0;0;0;0;0;0;0;0;0,0;0;0;;0,0;0,0;;;;;;;;;;;;;;;;0;0;0;0;0;2;1;;;0;0,0;0,0;0,0;2,5;1,25;0,0;0,0
Santino Vera;ar ARG;FW;Unión;20-128;2006,0;1;0;32;0,4;0;0;0;0;0;0;0;0;0,0;0;0;;0,0;0,0;;;;;;;;;;;;;;;;0;2;0;0;0;0;0;;;0;0,0;0,0;0,0;0,0;0,0;0,0;5,0
Sasha Marcich;ar ARG;DF;Lanús;28-080;1998,0;19;18;1593;17,7;1;2;3;1;0;0;5;0;0,17;12;1;8,3;0,68;0,06;0,08;1,0;;;;;;;;;;;;;;0;29;18;2;71;18;25;;;0;0,056;0,113;0,678;1,017;1,412;4,011;1,638
Saúl Salcedo;py PAR;DF;Newell's;28-353;1997,0;14;14;1260;14,0;0;0;0;0;0;0;4;0;0,0;8;3;37,5;0,57;0,21;0,0;0,0;;;;;;;;;;;;;;0;8;5;0;2;13;14;;;1;0,0;0,0;0,571;0,929;1,0;0,143;0,571
Sebastián Driussi;ar ARG;FWMF;River Plate;30-189;1996,0;12;12;856;9,5;4;0;4;4;0;0;0;0;0,42;29;11;37,9;3,05;1,16;0,14;0,36;;;;;;;;;;;;;;0;6;15;3;3;3;6;;;0;0,421;0,0;3,053;0,316;0,632;0,316;0,632
Sebastián Medina;ar ARG;MF;Tigre;26-155;2000,0;12;4;378;4,2;0;0;0;0;0;0;0;0;0,0;8;1;12,5;1,9;0,24;0,0;0,0;;;;;;;;;;;;;;0;6;5;0;16;3;5;;;0;0,0;0,0;1,905;0,714;1,19;3,81;1,429
Sebastián Meza;ar ARG;GK;Huracán;26-156;2000,0;1;1;90;1,0;0;0;0;0;0;0;1;0;0,0;0;0;;0,0;0,0;;;0,0;0,0;1,0;1,0;100,0;0,0;1,0;0,0;1,0;100,0;0,0;0,0;0,0;0;0;0;0;0;0;0;;;0;0,0;0,0;0,0;0,0;0,0;0,0;0,0
Sebastián Prieto;ar ARG;DF;Arg Juniors;33-130;1993,0;20;19;1555;17,3;2;2;4;2;0;0;5;0;0,23;14;3;21,4;0,81;0,17;0,14;0,67;;;;;;;;;;;;;;0;20;13;3;79;20;21;;;0;0,116;0,116;0,809;1,156;1,214;4,566;1,156
Sebastián Valdez;ar ARG;DF;Independiente;30-284;1995,0;15;14;1235;13,7;0;0;0;0;0;0;3;1;0,0;6;1;16,7;0,44;0,07;0,0;0,0;;;;;;;;;;;;;;1;11;13;2;1;21;14;;;0;0,0;0,0;0,438;1,533;1,022;0,073;0,803
Sebastián Villa;co COL;MFFW;Boca Juniors;30-090;1996,0;5;2;233;2,6;0;1;1;0;0;0;0;0;0,39;6;0;0,0;2,32;0,0;0,0;;;;;;;;;;;;;;;0;5;2;2;24;1;4;;;0;0,0;0,385;2,308;0,385;1,538;9,231;1,923
Sebastián Villa;co COL;FWMF;Ind. Rivadavia;30-090;1996,0;13;11;1041;11,6;0;5;5;0;0;0;2;0;0,43;31;9;29,0;2,68;0,78;0,0;0,0;;;;;;;;;;;;;;0;10;17;3;132;3;5;;;0;0,0;0,431;2,672;0,259;0,431;11,379;0,862
Sebastián Zaracho;py PAR;DF;Rosario Central;27-209;1999,0;1;1;90;1,0;0;1;1;0;0;0;1;0;1,0;0;0;;0,0;0,0;;;;;;;;;;;;;;;;0;1;0;0;0;7;1;;;0;0,0;1,0;0,0;7,0;1,0;0,0;1,0
Sergio Ojeda;ar ARG;DF;Estudiantes–RC;34-225;1992,0;12;12;1080;12,0;1;0;1;1;0;0;3;0;0,08;3;1;33,3;0,25;0,08;0,33;1,0;;;;;;;;;;;;;;0;8;11;2;6;14;7;;;0;0,083;0,0;0,25;1,167;0,583;0,5;0,667
Sergio Vittor;ar ARG;DF;Banfield;37-069;1989,0;13;13;1008;11,2;0;0;0;0;0;0;3;0;0,0;3;1;33,3;0,27;0,09;0,0;0,0;;;;;;;;;;;;;;0;11;3;0;3;24;8;;;0;0,0;0,0;0,268;2,143;0,714;0,268;0,982
Sheyko Studer;ar ARG;DF;Ind. Rivadavia;23-278;2002,0;16;16;1440;16,0;2;0;2;2;0;0;4;0;0,12;8;4;50,0;0,5;0,25;0,25;0,5;;;;;;;;;;;;;;0;13;23;1;2;25;13;;;0;0,125;0,0;0,5;1,562;0,812;0,125;0,812
Simon Escobar;ar ARG;DF;Vélez Sarsfield;17-031;2009,0;4;1;189;2,1;0;0;0;0;0;0;1;0;0,0;3;0;0,0;1,43;0,0;0,0;;;;;;;;;;;;;;;0;2;5;0;5;0;7;;;0;0,0;0,0;1,429;0,0;3,333;2,381;0,952
Siro Rosane;ar ARG;MF;Estudiantes–RC;26-071;2000,0;18;9;859;9,5;0;1;1;0;0;0;1;0;0,1;14;2;14,3;1,47;0,21;0,0;0,0;;;;;;;;;;;;;;0;13;30;0;19;14;16;;;0;0,0;0,105;1,474;1,474;1,684;2,0;1,368
Stéfano Moreyra;ar ARG;MF;Ind. Rivadavia;24-332;2001,0;7;1;134;1,5;0;0;0;0;0;0;1;0;0,0;2;0;0,0;1,34;0,0;0,0;;;;;;;;;;;;;;;0;5;0;0;2;3;5;;;0;0,0;0,0;1,333;2,0;3,333;1,333;3,333
Taiel Peralta;ar ARG;MFFW;Huracán;17-330;2008,0;12;7;512;5,7;2;0;2;2;0;0;1;1;0,35;7;3;42,9;1,23;0,53;0,29;0,67;;;;;;;;;;;;;;0;4;6;1;8;4;5;;;0;0,351;0,0;1,228;0,702;0,877;1,404;0,702
Teo Rodríguez;ar ARG;DFMF;CA San Lorenzo;20-309;2005,0;11;6;713;7,9;0;0;0;0;0;0;1;0;0,0;6;1;16,7;0,76;0,13;0,0;0,0;;;;;;;;;;;;;;0;10;9;0;26;7;10;;;0;0,0;0,0;0,759;0,886;1,266;3,291;1,266
Thiago Aguirre;ar ARG;FW;Vélez Sarsfield;17-184;2009,0;3;0;93;1,0;1;1;2;1;0;0;0;0;1,94;1;1;100,0;0,97;0,97;1,0;1,0;;;;;;;;;;;;;;0;2;0;0;1;0;2;;;0;1,0;1,0;1,0;0,0;2,0;1,0;2,0
Thiago Almada;ar ARG;MF;River Plate;25-113;2001,0;1;1;82;0,9;0;0;0;0;0;0;1;0;0,0;2;0;0,0;2,2;0,0;0,0;;;;;;;;;;;;;;;0;1;1;0;3;2;1;;;0;0,0;0,0;2,222;2,222;1,111;3,333;1,111
Thiago Cardozo;uy URU;GK;Belgrano;30-017;1996,0;20;20;1800;20,0;0;0;0;0;0;0;1;0;0,0;0;0;;0,0;0,0;;;14,0;0,7;74,0;60,0;81,1;9,0;6,0;5,0;11,0;55,0;3,0;1,0;0,0;0;1;6;0;0;0;1;;;0;0,0;0,0;0,0;0,0;0,05;0,0;0,05
Thiago Gómez;ar ARG;DF;Arg Juniors;20-152;2006,0;1;0;4;0,0;0;0;0;0;0;0;0;0;0,0;0;0;;0,0;0,0;;;;;;;;;;;;;;;;0;0;0;0;0;0;0;;;0;;;;;;;
Thiago Santamaría;ar ARG;DF;Sarmiento–J;23-135;2003,0;14;13;990;11,0;0;1;1;0;0;0;3;0;0,09;10;2;20,0;0,91;0,18;0,0;0,0;;;;;;;;;;;;;;0;10;11;1;24;19;18;;;0;0,0;0,091;0,909;1,727;1,636;2,182;0,909
Thiago Silvero;ar ARG;DF;Vélez Sarsfield;20-121;2006,0;8;6;556;6,2;1;0;1;1;0;0;2;0;0,16;5;2;40,0;0,81;0,32;0,2;0,5;;;;;;;;;;;;;;0;3;8;1;9;9;9;;;0;0,161;0,0;0,806;1,452;1,452;1,452;0,484
Thomas Rodríguez;cl CHI;MF;Banfield;30-134;1996,0;2;0;18;0,2;0;0;0;0;0;0;0;0;0,0;0;0;;0,0;0,0;;;;;;;;;;;;;;;;0;2;0;0;1;0;0;;;0;0,0;0,0;0,0;0,0;0,0;5,0;10,0
Thomás de Martis;ar ARG;FW;Lanús;18-052;2008,0;5;0;90;1,0;0;0;0;0;0;0;0;0;0,0;1;0;0,0;1,0;0,0;0,0;;;;;;;;;;;;;;;0;2;1;1;2;0;0;;;0;0,0;0,0;1,0;0,0;0,0;2,0;2,0
Thyago Ayala;ar ARG;GK;Sarmiento–J;24-344;2001,0;3;3;270;3,0;0;0;0;0;0;0;0;0;0,0;0;0;;0,0;0,0;;;2,0;0,67;12,0;10,0;83,3;3,0;0,0;0,0;1,0;33,3;0,0;1,0;0,0;0;0;0;0;0;0;0;;;0;0,0;0,0;0,0;0,0;0,0;0,0;0,0
Tiago Cravero;ar ARG;MF;C. Córdoba–SdE;23-318;2002,0;16;7;781;8,7;0;0;0;0;0;0;2;0;0,0;3;0;0,0;0,35;0,0;0,0;;;;;;;;;;;;;;;0;11;8;0;1;24;21;;;0;0,0;0,0;0,345;2,759;2,414;0,115;1,264
Tiago Palacios;uy URU;MFFW;Estudiantes–LP;25-142;2001,0;18;11;1056;11,7;4;2;6;4;0;0;4;0;0,51;28;9;32,1;2,39;0,77;0,14;0,44;;;;;;;;;;;;;;0;18;22;1;34;7;9;;;0;0,342;0,171;2,393;0,598;0,769;2,906;1,538
Tiago Serrago;ar ARG;MF;Tigre;22-193;2004,0;15;8;774;8,6;1;0;1;1;0;0;1;0;0,12;13;4;30,8;1,51;0,47;0,08;0,25;;;;;;;;;;;;;;0;17;6;0;22;5;6;;;0;0,116;0,0;1,512;0,581;0,698;2,558;1,977
Timoteo Chamorro;ar ARG;MF;Talleres–C;20-190;2006,0;7;4;367;4,1;0;1;1;0;0;0;1;0;0,25;8;5;62,5;1,96;1,23;0,0;0,0;;;;;;;;;;;;;;0;4;0;1;22;3;2;;;0;0,0;0,244;1,951;0,732;0,488;5,366;0,976
Tiziano Perrotta;ar ARG;FW;Banfield;19-265;2006,0;17;15;1177;13,1;6;1;7;6;0;0;1;0;0,54;38;13;34,2;2,91;0,99;0,16;0,46;;;;;;;;;;;;;;0;12;17;9;7;3;12;;;0;0,458;0,076;2,901;0,229;0,916;0,534;0,916
Tobías Andrada;ar ARG;MF;River Plate;19-196;2007,0;2;2;172;1,9;0;0;0;0;0;0;1;0;0,0;1;0;0,0;0,52;0,0;0,0;;;;;;;;;;;;;;;0;4;3;0;3;4;3;;;0;0,0;0,0;0,526;2,105;1,579;1,579;2,105
Tobías Andrada;ar ARG;MF;Vélez Sarsfield;19-196;2007,0;16;16;1436;16,0;1;1;2;1;0;0;5;0;0,13;16;5;31,3;1,0;0,31;0,06;0,2;;;;;;;;;;;;;;0;24;31;0;24;10;34;;;0;0,062;0,062;1,0;0,625;2,125;1,5;1,5
Tobías Leiva;ar ARG;MF;Estudiantes–RC;22-189;2004,0;3;0;81;0,9;0;0;0;0;0;0;0;0;0,0;1;0;0,0;1,11;0,0;0,0;;;;;;;;;;;;;;;0;0;1;0;1;0;0;;;0;0,0;0,0;1,111;0,0;0,0;1,111;0,0
Tobías Ostchega;ar ARG;DF;Estudiantes–RC;27-357;1998,0;11;9;799;8,9;0;0;0;0;0;0;2;0;0,0;11;2;18,2;1,24;0,23;0,0;0,0;;;;;;;;;;;;;;0;13;6;0;29;9;8;;;0;0,0;0,0;1,236;1,011;0,899;3,258;1,461
Tobías Ramírez;ar ARG;DF;Arg Juniors;19-279;2006,0;1;1;90;1,0;0;0;0;0;0;0;1;0;0,0;2;1;50,0;2,0;1,0;0,0;0,0;;;;;;;;;;;;;;0;2;0;0;0;0;0;;;0;0,0;0,0;2,0;0,0;0,0;0,0;2,0
Tobías Ramírez;ar ARG;DF;River Plate;19-279;2006,0;1;1;45;0,5;0;0;0;0;0;0;1;0;0,0;0;0;;0,0;0,0;;;;;;;;;;;;;;;;0;1;0;1;0;0;2;;;0;0,0;0,0;0,0;0,0;4,0;0,0;2,0
Tobías Rubio;ar ARG;DF;Racing Club;22-021;2004,0;2;0;29;0,3;0;0;0;0;0;0;1;0;0,0;0;0;;0,0;0,0;;;;;;;;;;;;;;;;0;2;0;0;0;0;0;;;0;0,0;0,0;0,0;0,0;0,0;0,0;6,667
Tomás Adoryán;am ARM;MFFW;Banfield;24-329;2001,0;15;8;782;8,7;0;2;2;0;0;0;6;0;0,23;21;8;38,1;2,42;0,92;0,0;0,0;;;;;;;;;;;;;;0;30;26;2;35;4;25;;;0;0,0;0,23;2,414;0,46;2,874;4,023;3,448
Tomás Aranda;ar ARG;MFFW;Boca Juniors;19-100;2007,0;18;10;995;11,1;1;3;4;1;0;0;2;0;0,36;30;7;23,3;2,71;0,63;0,03;0,14;;;;;;;;;;;;;;0;11;20;0;25;5;11;;;0;0,09;0,27;2,703;0,45;0,991;2,252;0,991
Tomás Badaloni;ar ARG;FW;Rosario Central;26-107;2000,0;5;3;270;3,0;0;0;0;0;0;0;0;0;0,0;4;0;0,0;1,33;0,0;0,0;;;;;;;;;;;;;;;0;4;4;3;1;0;0;;;0;0,0;0,0;1,333;0,0;0,0;0,333;1,333
Tomás Belmonte;ar ARG;MF;Boca Juniors;28-082;1998,0;10;7;598;6,6;0;0;0;0;0;0;2;0;0,0;8;1;12,5;1,2;0,15;0,0;0,0;;;;;;;;;;;;;;0;11;13;1;0;14;7;;;0;0,0;0,0;1,212;2,121;1,061;0,0;1,667
Tomás Bottari;ar ARG;MF;Ind. Rivadavia;25-113;2001,0;15;13;1055;11,7;0;0;0;0;0;0;1;0;0,0;2;0;0,0;0,17;0,0;0,0;;;;;;;;;;;;;;;0;10;14;0;1;14;18;;;1;0,0;0,0;0,171;1,197;1,538;0,085;0,855
Tomás Conechny;ar ARG;FWMF;Racing Club;28-140;1998,0;20;8;939;10,4;3;2;5;3;0;0;2;0;0,48;18;5;27,8;1,73;0,48;0,17;0,6;;;;;;;;;;;;;;0;15;8;10;23;4;7;;;0;0,288;0,192;1,731;0,385;0,673;2,212;1,442
Tomás Fagioli;ar ARG;DF;Unión;20-360;2005,0;2;2;180;2,0;0;0;0;0;0;0;0;0;0,0;0;0;;0,0;0,0;;;;;;;;;;;;;;;;0;0;1;0;1;1;4;;;1;0,0;0,0;0,0;0,5;2,0;0,5;0,0
Tomás Fernández;ar ARG;MFFW;Aldosivi;28-009;1998,0;13;6;680;7,6;1;1;2;1;0;0;4;0;0,26;11;5;45,5;1,46;0,66;0,09;0,2;;;;;;;;;;;;;;0;18;3;3;34;3;11;;;0;0,132;0,132;1,447;0,395;1,447;4,474;2,368
Tomás Galván;ar ARG;MF;River Plate;26-128;2000,0;21;19;1432;15,9;2;1;3;2;0;0;0;0;0,19;25;9;36,0;1,57;0,57;0,08;0,22;;;;;;;;;;;;;;0;14;40;0;29;11;20;;;0;0,126;0,063;1,572;0,692;1,258;1,824;0,881
Tomás González;ar ARG;FW;Dep. Riestra;23-091;2003,0;5;0;137;1,5;1;0;1;1;0;0;0;0;0,66;8;3;37,5;5,26;1,97;0,13;0,33;;;;;;;;;;;;;;0;2;2;0;6;0;0;;;0;0,667;0,0;5,333;0,0;0,0;4,0;1,333
Tomás González;ar ARG;MF;Estudiantes–RC;27-289;1998,0;19;18;1493;16,6;0;0;0;0;0;0;7;0;0,0;16;1;6,3;0,96;0,06;0,0;0,0;;;;;;;;;;;;;;0;36;27;4;23;14;25;;;0;0,0;0,0;0,964;0,843;1,506;1,386;2,169
Tomás González;ar ARG;FW;Unión;23-091;2003,0;1;0;18;0,2;0;0;0;0;0;0;0;0;0,0;1;0;0,0;5,0;0,0;0,0;;;;;;;;;;;;;;;0;0;2;0;3;0;0;;;0;0,0;0,0;5,0;0,0;0,0;15,0;0,0
Tomás Guidara;ar ARG;DF;Lanús;30-157;1996,0;16;15;1285;14,3;0;1;1;0;0;0;4;0;0,07;2;0;0,0;0,14;0,0;0,0;;;;;;;;;;;;;;;0;17;15;1;21;12;18;;;0;0,0;0,07;0,14;0,839;1,259;1,469;1,189
Tomás Marchiori;ar ARG;GK;Vélez Sarsfield;31-058;1995,0;4;4;360;4,0;0;0;0;0;0;0;0;0;0,0;0;0;;0,0;0,0;;;2,0;0,5;19,0;16,0;89,5;3,0;1,0;0,0;2,0;50,0;0,0;0,0;0,0;0;0;1;0;0;1;0;;;0;0,0;0,0;0,0;0,25;0,0;0,0;0,0
Tomás Molina;ar ARG;FW;Arg Juniors;31-127;1995,0;16;13;1211;13,5;4;2;6;4;0;1;4;0;0,45;37;15;40,5;2,75;1,11;0,11;0,25;;;;;;;;;;;;;;0;16;13;10;16;1;11;;;0;0,296;0,148;2,741;0,074;0,815;1,185;1,185
Tomás Nasif;ar ARG;FW;Platense;22-227;2004,0;12;4;526;5,8;2;1;3;2;0;0;0;0;0,51;14;7;50,0;2,4;1,2;0,14;0,29;;;;;;;;;;;;;;0;7;7;2;2;0;1;;;0;0,345;0,172;2,414;0,0;0,172;0,345;1,207
Tomás O'Connor;ar ARG;MF;Gimnasia–M;22-145;2004,0;5;0;150;1,7;0;0;0;0;0;0;0;0;0,0;0;0;;0,0;0,0;;;;;;;;;;;;;;;;0;2;6;0;2;3;5;;;0;0,0;0,0;0,0;1,765;2,941;1,176;1,176
Tomás Olmos;ar ARG;DF;Estudiantes–RC;21-207;2005,0;3;2;164;1,8;0;0;0;0;0;0;1;0;0,0;0;0;;0,0;0,0;;;;;;;;;;;;;;;;0;1;0;0;2;2;0;;;0;0,0;0,0;0,0;1,111;0,0;1,111;0,556
Tomás Ortiz;ar ARG;MF;Gimnasia–M;26-160;2000,0;1;0;19;0,2;0;0;0;0;0;0;0;0;0,0;1;0;0,0;4,74;0,0;0,0;;;;;;;;;;;;;;;0;0;0;0;0;0;0;;;0;0,0;0,0;5,0;0,0;0,0;0,0;0,0
Tomás Palacios;ar ARG;DF;Estudiantes–LP;23-111;2003,0;15;14;1268;14,1;1;0;1;1;0;0;4;1;0,07;9;1;11,1;0,64;0,07;0,11;1,0;;;;;;;;;;;;;;0;9;32;1;9;18;20;;;0;0,071;0,0;0,638;1,277;1,418;0,638;0,638
Tomás Porra;ar ARG;MF;Barracas Central;22-220;2004,0;21;20;1670;18,6;1;4;5;1;0;0;5;0;0,27;22;5;22,7;1,19;0,27;0,05;0,2;;;;;;;;;;;;;;0;15;30;1;38;21;19;;;0;0,054;0,215;1,183;1,129;1,022;2,043;0,806
Tomás Pérez;ar ARG;FW;Defensa;20-112;2006,0;2;0;51;0,6;1;0;1;1;0;0;0;0;1,76;3;1;33,3;5,29;1,76;0,33;1,0;;;;;;;;;;;;;;0;1;0;1;1;0;2;;;0;1,667;0,0;5,0;0,0;3,333;1,667;1,667
Tomás Pérez;ar ARG;FW;Racing Club;20-112;2006,0;2;0;52;0,6;0;0;0;0;0;0;0;0;0,0;1;1;100,0;1,73;1,73;0,0;0,0;;;;;;;;;;;;;;0;2;0;0;1;0;0;;;0;0,0;0,0;1,667;0,0;0,0;1,667;3,333
Tomás Silva;ar ARG;DF;Platense;23-162;2003,0;17;17;1504;16,7;0;0;0;0;0;0;3;0;0,0;8;0;0,0;0,48;0,0;0,0;;;;;;;;;;;;;;;0;15;11;2;46;26;34;;;0;0,0;0,0;0,479;1,557;2,036;2,754;0,898
Tomás Sultani;ar ARG;GK;Tigre;28-056;1998,0;1;1;90;1,0;0;0;0;0;0;0;0;0;0,0;0;0;;0,0;0,0;;;2,0;2,0;5,0;3,0;60,0;0,0;0,0;1,0;0,0;0,0;0,0;0,0;0,0;0;0;0;0;0;0;0;;;0;0,0;0,0;0,0;0,0;0,0;0,0;0,0
Tomás Uribe;ar ARG;FW;Huracán;19-051;2007,0;1;0;10;0,1;0;0;0;0;0;0;0;0;0,0;0;0;;0,0;0,0;;;;;;;;;;;;;;;;0;0;0;0;0;0;1;;;0;0,0;0,0;0,0;0,0;10,0;0,0;0,0
Ulises Giménez;ar ARG;DF;Sarmiento–J;20-228;2006,0;3;0;84;0,9;0;0;0;0;0;0;0;0;0,0;2;0;0,0;2,14;0,0;0,0;;;;;;;;;;;;;;;0;0;2;0;2;2;1;;;0;0,0;0,0;2,222;2,222;1,111;2,222;0,0
Ulises Sánchez;ar ARG;MF;Gimnasia–M;28-052;1998,0;13;10;766;8,5;0;0;0;0;0;0;3;0;0,0;16;5;31,3;1,88;0,59;0,0;0,0;;;;;;;;;;;;;;0;10;17;0;26;1;16;;;0;0,0;0,0;1,882;0,118;1,882;3,059;1,176
Valente Pierani;ar ARG;DF;Estudiantes–LP;20-176;2006,0;1;1;59;0,7;0;0;0;0;0;0;0;0;0,0;0;0;;0,0;0,0;;;;;;;;;;;;;;;;0;0;0;0;0;1;0;;;0;0,0;0,0;0,0;1,429;0,0;0,0;0,0
Valentin Carboni;ar ARG;FW;Racing Club;21-165;2005,0;5;3;202;2,2;0;0;0;0;0;0;1;0;0,0;3;0;0,0;1,34;0,0;0,0;;;;;;;;;;;;;;;0;2;2;0;1;0;3;;;0;0,0;0,0;1,364;0,0;1,364;0,455;0,909
Valentino Acuña;ar ARG;MF;Newell's;20-202;2006,0;6;4;296;3,3;0;0;0;0;0;0;1;0;0,0;0;0;;0,0;0,0;;;;;;;;;;;;;;;;0;4;6;0;15;5;1;;;0;0,0;0,0;0,0;1,515;0,303;4,545;1,212
Valentino Felici;ar ARG;FW;Rosario Central;18-189;2008,0;1;0;8;0,1;0;0;0;0;0;0;0;0;0,0;0;0;;0,0;0,0;;;;;;;;;;;;;;;;0;0;0;0;0;0;0;;;0;0,0;0,0;0,0;0,0;0,0;0,0;0,0
Valentino Simoni;ar ARG;FW;Gimnasia–M;22-109;2004,0;16;8;625;6,9;1;0;1;1;0;0;1;0;0,14;8;7;87,5;1,15;1,01;0,13;0,14;;;;;;;;;;;;;;0;4;3;1;2;2;3;;;0;0,145;0,0;1,159;0,29;0,435;0,29;0,58
Valentín Cerrudo;ar ARG;FW;Unión;20-153;2006,0;1;0;19;0,2;0;0;0;0;0;0;0;0;0,0;1;0;0,0;4,74;0,0;0,0;;;;;;;;;;;;;;;0;1;1;0;0;0;0;;;0;0,0;0,0;5,0;0,0;0,0;0,0;5,0
Valentín Depietri;ar ARG;FWMF;Talleres–C;25-290;2000,0;13;3;440;4,9;2;1;3;2;0;0;0;0;0,61;17;6;35,3;3,48;1,23;0,12;0,33;;;;;;;;;;;;;;0;7;5;3;10;2;5;;;0;0,408;0,204;3,469;0,408;1,02;2,041;1,429
Valentín Dávila;ar ARG;FW;Talleres–C;19-210;2007,0;18;4;597;6,6;4;0;4;4;0;0;0;0;0,6;23;14;60,9;3,47;2,11;0,17;0,29;;;;;;;;;;;;;;0;14;12;1;5;0;5;;;0;0,606;0,0;3,485;0,0;0,758;0,758;2,121
Valentín Fascendini;ar ARG;DF;Talleres–C;23-157;2003,0;3;2;219;2,4;0;0;0;0;0;0;1;0;0,0;3;0;0,0;1,23;0,0;0,0;;;;;;;;;;;;;;;0;6;1;0;0;2;3;;;0;0,0;0,0;1,25;0,833;1,25;0,0;2,5
Valentín Fascendini;ar ARG;DF;Unión;23-157;2003,0;5;3;275;3,1;0;0;0;0;0;0;0;1;0,0;1;0;0,0;0,33;0,0;0,0;;;;;;;;;;;;;;;0;3;2;0;0;3;1;;;0;0,0;0,0;0,323;0,968;0,323;0,0;0,968
Valentín Loza;ar ARG;DF;Defensa;19-186;2007,0;2;0;25;0,3;0;1;1;0;0;0;0;0;3,6;0;0;;0,0;0,0;;;;;;;;;;;;;;;;0;0;0;0;1;1;2;;;0;0,0;3,333;0,0;3,333;6,667;3,333;0,0
Valentín Lucero;ar ARG;MF;River Plate;20-138;2006,0;1;0;7;0,1;0;0;0;0;0;0;0;0;0,0;0;0;;0,0;0,0;;;;;;;;;;;;;;;;0;0;0;0;3;0;0;;;0;0,0;0,0;0,0;0,0;0,0;30,0;0,0
Valentín Moreno;ar ARG;DF;Tigre;23-179;2003,0;12;12;996;11,1;0;0;0;0;0;0;5;0;0,0;6;2;33,3;0,54;0,18;0,0;0,0;;;;;;;;;;;;;;0;10;6;0;24;11;15;;;0;0,0;0,0;0,541;0,991;1,351;2,162;0,901
Vicente Pizarro;cl CHI;MF;Rosario Central;23-285;2002,0;20;20;1633;18,1;1;1;2;1;0;0;2;0;0,11;14;5;35,7;0,77;0,28;0,07;0,2;;;;;;;;;;;;;;0;16;17;0;30;24;15;;;0;0,055;0,055;0,773;1,326;0,829;1,657;0,884
Victorio Ramis;ar ARG;FW;Ind. Rivadavia;32-041;1994,0;4;1;63;0,7;0;0;0;0;0;0;0;0;0,0;1;1;100,0;1,43;1,43;0,0;0,0;;;;;;;;;;;;;;0;1;1;0;0;1;1;;;0;0,0;0,0;1,429;1,429;1,429;0,0;1,429
Víctor Cuesta;ar ARG;DF;Platense;37-271;1988,0;12;12;1080;12,0;0;0;0;0;0;0;5;0;0,0;7;2;28,6;0,58;0,17;0,0;0,0;;;;;;;;;;;;;;0;13;10;0;4;23;10;;;0;0,0;0,0;0,583;1,917;0,833;0,333;1,083
Víctor Malcorra;ar ARG;MF;Independiente;39-024;1987,0;14;13;1131;12,6;1;3;4;1;0;0;2;0;0,32;28;7;25,0;2,23;0,56;0,04;0,14;;;;;;;;;;;;;;0;5;18;1;92;3;1;;;0;0,079;0,238;2,222;0,238;0,079;7,302;0,397
Víctor Malcorra;ar ARG;MF;Unión;39-024;1987,0;4;4;254;2,8;0;0;0;0;0;0;0;0;0,0;8;1;12,5;2,83;0,35;0,0;0,0;;;;;;;;;;;;;;0;1;2;1;24;0;4;;;0;0,0;0,0;2,857;0,0;1,429;8,571;0,357
Walter Bou;ar ARG;FWMF;Lanús;32-357;1993,0;11;8;598;6,6;2;0;2;1;1;1;2;0;0,15;10;5;50,0;1,51;0,75;0,18;0,33;;;;;;;;;;;;;;0;9;4;6;3;4;5;;;0;0,303;0,0;1,515;0,606;0,758;0,455;1,364
Walter Mazzantti;ar ARG;MF;Independiente;29-346;1996,0;6;1;140;1,6;0;0;0;0;0;0;0;0;0,0;2;0;0,0;1,29;0,0;0,0;;;;;;;;;;;;;;;0;1;3;4;4;0;1;;;0;0,0;0,0;1,25;0,0;0,625;2,5;0,625
Walter Mazzantti;ar ARG;MFFW;Newell's;29-346;1996,0;13;12;1008;11,2;2;1;3;2;0;0;1;0;0,27;7;5;71,4;0,62;0,45;0,29;0,4;;;;;;;;;;;;;;0;11;22;7;25;5;17;;;0;0,179;0,089;0,625;0,446;1,518;2,232;0,982
Walter Núñez;ar ARG;MFFW;Newell's;23-185;2003,0;17;11;863;9,6;1;1;2;1;0;0;2;0;0,21;16;4;25,0;1,67;0,42;0,06;0,25;;;;;;;;;;;;;;0;19;14;0;32;6;14;;;0;0,104;0,104;1,667;0,625;1,458;3,333;1,979
Williams Alarcón;cl CHI;MF;Boca Juniors;25-270;2000,0;6;6;368;4,1;0;1;1;0;0;0;1;0;0,24;4;1;25,0;0,98;0,24;0,0;0,0;;;;;;;;;;;;;;0;4;5;1;5;6;4;;;0;0,0;0,244;0,976;1,463;0,976;1,22;0,976
Williams Barlasina;ar ARG;GK;Newell's;28-049;1998,0;5;4;378;4,2;0;0;0;0;0;0;0;0;0,0;0;0;;0,0;0,0;;;9,0;2,14;26,0;17,0;65,4;1,0;1,0;2,0;1,0;25,0;1,0;0,0;0,0;0;0;1;0;0;0;0;;;0;0,0;0,0;0,0;0,0;0,0;0,0;0,0
Yair Ezequiel Arismendi;ar ARG;MFDF;Sarmiento–J;28-134;1998,0;10;6;599;6,7;0;0;0;0;0;0;3;0;0,0;8;0;0,0;1,2;0,0;0,0;;;;;;;;;;;;;;;0;9;15;1;16;7;6;;;0;0,0;0,0;1,194;1,045;0,896;2,388;1,343
Yeison Moreno Murillo;co COL;FWMF;Estudiantes–RC;29-131;1997,0;4;4;240;2,7;0;0;0;0;0;0;1;0;0,0;5;1;20,0;1,87;0,37;0,0;0,0;;;;;;;;;;;;;;0;7;2;3;2;0;2;;;0;0,0;0,0;1,852;0,0;0,741;0,741;2,593
Yonatthan Rak;uy URU;DF;Barracas Central;32-364;1993,0;8;6;482;5,4;0;0;0;0;0;0;0;0;0,0;1;0;0,0;0,19;0,0;0,0;;;;;;;;;;;;;;;0;2;6;0;1;7;6;;;0;0,0;0,0;0,185;1,296;1,111;0,185;0,37
Yoshan Valois;co COL;FW;Lanús;21-317;2004,0;12;6;561;6,2;4;1;5;4;0;0;0;0;0,8;13;5;38,5;2,09;0,8;0,31;0,8;;;;;;;;;;;;;;0;18;10;4;2;0;1;;;0;0,645;0,161;2,097;0,0;0,161;0,323;2,903
Yuri Casermeiro;ar ARG;DF;C. Córdoba–SdE;24-158;2002,0;11;6;658;7,3;0;0;0;0;0;0;4;0;0,0;3;0;0,0;0,41;0,0;0,0;;;;;;;;;;;;;;;0;9;3;2;3;11;11;;;0;0,0;0,0;0,411;1,507;1,507;0,411;1,233
Álex Arce;py PAR;FW;Ind. Rivadavia;31-062;1995,0;14;6;734;8,2;5;0;5;4;1;1;2;0;0,49;23;9;39,1;2,82;1,1;0,21;0,5;;;;;;;;;;;;;;0;18;11;9;2;1;4;;;0;0,61;0,0;2,805;0,122;0,488;0,244;2,195
Álex Verón;ar ARG;MF;Vélez Sarsfield;17-297;2008,0;8;1;195;2,2;0;0;0;0;0;0;0;0;0,0;3;2;66,7;1,38;0,92;0,0;0,0;;;;;;;;;;;;;;0;0;1;1;3;3;1;;;0;0,0;0,0;1,364;1,364;0,455;1,364;0,0
Álvaro David Montero;co COL;GK;Boca Juniors;31-141;1995,0;5;5;450;5,0;0;0;0;0;0;0;0;0;0,0;0;0;;0,0;0,0;;;7,0;1,4;21,0;14,0;66,7;1,0;3,0;1,0;1,0;20,0;0,0;0,0;0,0;0;0;2;0;0;0;0;;;0;0,0;0,0;0,0;0,0;0,0;0,0;0,0
Álvaro David Montero;co COL;GK;Vélez Sarsfield;31-141;1995,0;16;16;1440;16,0;0;0;0;0;0;0;0;0;0,0;0;0;;0,0;0,0;;;12,0;0,75;77,0;65,0;84,4;7,0;7,0;2,0;7,0;43,8;0,0;0,0;0,0;0;0;1;0;0;0;0;;;0;0,0;0,0;0,0;0,0;0,0;0,0;0,0
Álvaro Güich;ar ARG;DF;Rosario Central;17-228;2009,0;1;0;32;0,4;0;0;0;0;0;0;0;0;0,0;0;0;;0,0;0,0;;;;;;;;;;;;;;;;0;0;0;0;0;0;1;;;0;0,0;0,0;0,0;0,0;2,5;0,0;0,0
Álvaro Ocampo;ar ARG;DF;Belgrano;22-036;2004,0;7;2;296;3,3;0;0;0;0;0;0;0;0;0,0;0;0;;0,0;0,0;;;;;;;;;;;;;;;;0;3;0;0;1;0;4;;;0;0,0;0,0;0,0;0,0;1,212;0,303;0,909
Ángel Correa;ar ARG;MF;River Plate;31-161;1995,0;4;3;274;3,0;1;0;1;0;1;1;0;0;0,0;7;3;42,9;2,3;0,99;0,13;0,25;;;;;;;;;;;;;;0;2;6;3;18;0;2;;;0;0,333;0,0;2,333;0,0;0,667;6,0;0,667
Ángel Di María;ar ARG;MF;Rosario Central;38-184;1988,0;15;12;1109;12,3;4;3;7;3;1;1;3;0;0,49;42;15;35,7;3,41;1,22;0,09;0,25;;;;;;;;;;;;;;0;7;19;4;101;7;5;;;0;0,325;0,244;3,415;0,569;0,407;8,211;0,569
Ángel Romero;py PAR;MFFW;Boca Juniors;34-044;1992,0;9;4;393;4,4;0;0;0;0;0;0;0;0;0,0;5;3;60,0;1,15;0,69;0,0;0,0;;;;;;;;;;;;;;0;2;12;3;1;2;3;;;0;0,0;0,0;1,136;0,455;0,682;0,227;0,455
Ángel Stringa;ar ARG;FW;Dep. Riestra;30-133;1996,0;2;0;37;0,4;0;0;0;0;0;0;1;0;0,0;0;0;;0,0;0,0;;;;;;;;;;;;;;;;0;3;0;0;1;0;0;;;0;0,0;0,0;0,0;0,0;0,0;2,5;7,5
Éver Banega;ar ARG;MF;Defensa;38-049;1988,0;10;3;355;3,9;0;0;0;0;0;0;2;0;0,0;3;0;0,0;0,76;0,0;0,0;;;;;;;;;;;;;;;0;9;1;0;18;1;6;;;0;0,0;0,0;0,769;0,256;1,538;4,615;2,308
Óscar Romero;py PAR;MF;Huracán;34-044;1992,0;15;7;671;7,5;0;0;0;0;0;0;1;0;0,0;15;4;26,7;2,01;0,54;0,0;0,0;;;;;;;;;;;;;;0;7;16;0;36;5;9;;;0;0,0;0,0;2,0;0,667;1,2;4,8;0,933
